timestamp,mill_power_kW,feed_rate_tph,pct_solids,sump_level_percent,cyclone_pressure_kPa,pump_speed_rpm,density_kg_m3,throughput_tph,specific_energy_kWh_per_t
2024-01-01 00:00:00,4934.890121389908,297.3411376964441,55.80682038502202,70.31125131684404,112.13659844032361,816.9388975712783,1298.7663423609358,262.69940238922663,18.796380326058078
2024-01-01 01:00:00,4097.196099380131,327.2805773447416,60.957406539974684,87.6352177503975,92.31947460718547,1141.5074782244988,1228.2287960853564,331.0666377734828,12.395503090149607
2024-01-01 02:00:00,5146.494799778457,334.21143945903833,56.677390743366544,52.25473929250015,117.64875807800517,1275.248134901353,1123.4564241581147,348.9217008356072,14.7658667415456
2024-01-01 03:00:00,4743.42007264841,250.72658503661984,56.980247232048484,55.50490605084787,102.53972948588684,1214.5752451728752,1273.7025001980899,263.09806462365896,18.01328902714596
2024-01-01 04:00:00,3235.443369719124,254.05502294811382,63.21967656939273,78.72737767122355,75.79494326596247,938.5990701052699,1075.3442687031215,247.07764456425755,13.039763549059703
2024-01-01 05:00:00,5439.055879091889,309.9740821527673,60.10805609041303,60.345738884564476,114.25464941134004,826.6625424666703,1282.325350334635,264.9225287752025,20.564032865303393
2024-01-01 06:00:00,4902.849254975882,212.89013834884025,66.98408185201494,74.19438558694398,94.46325954153988,1270.1757062690904,1226.995566672904,230.21761411610785,21.29721184971968
2024-01-01 07:00:00,4965.160763192384,317.47647246901374,59.14903442990491,57.58256786721552,77.08194839864525,1268.5313624398507,1083.2250955189204,355.7647098986236,14.000722773956923
2024-01-01 08:00:00,3320.2840816888647,248.82832930348468,64.44034166899071,42.929708508762026,77.63450669207104,1066.2076598564347,1073.851668927711,256.8871596415707,12.964572069409995
2024-01-01 09:00:00,4125.964844738918,173.17134486705368,60.9942925920138,74.71223056686065,104.37669675549358,1121.1587058357675,1275.2509000309387,171.26019018164314,24.020703692193845
2024-01-01 10:00:00,3926.995060581453,164.41182941458874,63.57936691468063,37.869310151082594,72.3686253364745,1031.300030355404,1137.8807719511512,179.14274381492095,21.84932781620836
2024-01-01 11:00:00,5316.912472121505,318.39864220789264,62.79603963730788,41.91501981187848,84.32968824569066,1009.8826835493793,1316.790555230164,322.2942267174246,16.459299335161525
2024-01-01 12:00:00,4609.662800201661,161.11358338137558,61.14619164586698,67.60949896705252,76.98937952349341,859.7242179643501,1278.6219063090527,143.70325557585392,32.02483717480065
2024-01-01 13:00:00,5056.904033177075,206.12228722673117,67.35079423011769,74.83618801152419,92.05387148086422,848.376449180548,1259.4570734153149,187.00888079649363,27.078745945520176
2024-01-01 14:00:00,4108.5354970683275,216.82600810030917,59.455277355814424,83.6812732120689,90.71768859971806,916.3660733380938,1133.5818157900353,199.54965096363532,20.606604237954077
2024-01-01 15:00:00,3568.096804461942,184.59888903831876,57.304061516240544,46.3551898449535,96.0938217344428,1218.320373203272,1262.6833557064854,199.12261481868362,17.974052958632555
2024-01-01 16:00:00,4386.461967539587,212.77867396039784,63.81522279143777,36.643455516033264,83.9818164551265,872.91615036784,1334.44430535445,195.73090553967617,22.43050064896343
2024-01-01 17:00:00,3159.543140260438,298.5385133450171,65.99809829700281,87.36279957135775,71.60217946890886,913.3493259573554,1077.4679503111706,279.7362295910349,11.305155171537137
2024-01-01 18:00:00,5069.077929981455,152.93656871201415,55.523298619219005,39.26538528132855,100.7193053267593,1074.3070296611038,1147.8487926010698,154.14433581403986,32.94525537166239
2024-01-01 19:00:00,4579.160997805162,315.43468490413727,60.84522494949485,41.860018935278376,88.68590014411757,907.5656090391371,1120.4016796384783,304.3092737764474,15.071207197108803
2024-01-01 20:00:00,4895.219350213434,321.30960471491164,66.60233996593524,47.47976721350794,102.56674993700233,881.6033423588935,1167.9750403202,285.6640562325747,17.139685386598394
2024-01-01 21:00:00,3886.3149203246708,224.45231463830964,64.74504204599728,61.763481241577246,75.43334854021342,1081.658120848981,1272.699796456184,237.15057702387898,16.46156414156334
2024-01-01 22:00:00,5426.745060987258,180.72257981212695,67.89350031446916,82.96953396204468,70.68886776470252,984.0466354983078,1192.272774427616,181.57819172028383,29.89230549323236
2024-01-01 23:00:00,5232.802803305494,270.1680815890162,61.90837955076417,75.63276136379201,82.41471239426464,1113.0796429202346,1221.2191818360739,273.3853306413317,19.125542245425258
2024-01-02 00:00:00,4945.958742684405,173.93451117297886,63.57994434441497,72.4894532305581,92.82736614970261,1256.1026702043382,1144.2464664235026,180.1952995215866,27.405876652402497
2024-01-02 01:00:00,3486.596769629919,222.9838722156505,58.93224365479307,40.51083407136022,89.70359870842336,875.4965657175338,1092.3867801261301,212.1856153982661,16.46697565975474
2024-01-02 02:00:00,4166.802509317586,341.6858361801945,67.3179627956579,51.46095789155845,110.51512776367332,1256.716829906532,1130.0800946813185,346.5413434024953,12.08582192827839
2024-01-02 03:00:00,3109.509414468072,349.0928945167274,59.76236135123497,58.70429556520068,88.8918822096412,1251.2449837114593,1307.904090372596,374.33472380074534,8.304232511102978
2024-01-02 04:00:00,3385.7237301688697,304.4209782709171,64.60063926492617,38.84555720913515,96.52205898015394,1214.5437916679514,1230.725088646023,315.00461647430404,10.813567563760483
2024-01-02 05:00:00,4707.622383106136,212.19230198415323,60.240822653548065,46.40578212760035,99.67577962210962,1115.6429586530426,1163.39660195917,220.2100242446801,21.27937429860983
2024-01-02 06:00:00,4861.905389769543,287.5330098332185,62.303646090818994,48.49999223717066,71.09156958229057,1110.0733287327737,1286.9717945206762,302.27350631521466,16.08168491087787
2024-01-02 07:00:00,5418.774331085525,291.08127309680253,64.3571729552801,37.63657189974236,95.75666884230945,1119.6063299682507,1069.3372297364726,294.3586201925948,18.406745531658935
2024-01-02 08:00:00,3814.56339534538,227.56833903272997,61.6161439727676,63.014381514495454,87.2415629699419,1145.2477756089065,1126.1673263767157,225.90287809885783,16.849505952842485
2024-01-02 09:00:00,3926.1492650871724,278.1777269172319,66.7921222498236,72.30169179145157,91.06400638416272,808.2411002980785,1119.0309462172017,244.45358100321258,16.180112466434384
2024-01-02 10:00:00,4173.88952818952,152.14552899513524,60.45091284306153,34.195897888611675,75.01436992476252,1279.0462895803248,1345.6093686504666,183.56131688141485,22.735084269112942
2024-01-02 11:00:00,3473.6783977107143,191.8115317204483,63.41193337586323,58.86738610578898,109.14102828243226,1092.8018807327899,1261.829574717828,187.34027231196805,18.52169389528494
2024-01-02 12:00:00,3324.8037633386793,255.01766059345223,59.450711632900706,76.9326717160677,117.12021254042612,1190.732919701211,1235.3357809165664,256.19528745259237,12.978912941596077
2024-01-02 13:00:00,4189.262315564834,182.75026085165916,60.30603668700317,74.8794077371468,71.11344103148,988.6409195306816,1051.4954895883418,178.10165847785692,23.42160723708688
2024-01-02 14:00:00,3567.2733726272104,183.18137357530674,60.72065140703618,78.90438577312526,100.0686381405674,806.1986069578979,1105.293000626957,160.63805044803746,22.168908160852542
2024-01-02 15:00:00,4674.534986706276,317.2608581100476,56.63549123805971,56.894437990236426,108.1922033644179,1054.867329938222,1240.6623878919236,306.93077756002435,15.279094375625647
2024-01-02 16:00:00,4092.879797180827,347.8266005367211,56.192407827767084,79.23342495839165,84.24037943249448,1053.5950596579644,1163.9157979444997,350.62496791152404,11.641651261316516
2024-01-02 17:00:00,5081.695490144593,261.1938856056897,63.67736900090785,44.44518427285617,109.37777924316083,1018.4946441557258,1327.2841151037182,250.54648364207566,20.241002102900985
2024-01-02 18:00:00,4750.662755005623,317.8139461763427,63.52173059845968,51.648633685050925,101.61775253831506,969.8585270810383,1279.4172657425274,298.31683355644935,15.990366266643399
2024-01-02 19:00:00,3780.9166034551026,348.0643328652545,63.61782628473124,40.58133458506808,116.45813161355349,924.9130439048611,1184.215221841236,306.79493830335093,12.390933787208843
2024-01-02 20:00:00,5080.649503488003,178.31917771375493,55.25696378945499,58.04907236571431,119.05024056768863,1063.7724372485914,1274.8544932614811,166.01042031845924,30.630250703616806
2024-01-02 21:00:00,5011.910893742004,239.6491226508702,59.24510895473314,53.52360134492659,72.11730569993524,987.639069846747,1342.6212971478665,238.28724640283394,21.010308090355895
2024-01-02 22:00:00,3968.695947575436,228.51454316838397,57.57152801436956,44.45562698485873,92.24688805135031,1284.9659415249043,1188.2942474104411,256.08848125214394,15.485388640352065
2024-01-02 23:00:00,3720.8202598256103,166.00985672923701,65.11596849307216,75.10684255384689,97.34938937891091,886.4636538834657,1242.75776636656,157.51129915274933,23.582353421930424
2024-01-03 00:00:00,4706.238759937439,301.0660345589489,66.18819521814969,48.83080632669879,77.33716166038262,959.8327838135435,1325.5993845183884,299.15949236978656,15.68179880139967
2024-01-03 01:00:00,3349.3812090232746,236.7558054645186,58.20684490393992,46.36825980875014,86.81429152136809,946.9802354622855,1124.6023986108519,224.97962567691243,14.835265982204287
2024-01-03 02:00:00,3499.770506187771,243.86538683808027,63.68203906502382,37.853419851029706,119.3823723878231,1071.6545881179786,1315.9673740998835,238.35925563233226,14.65185208565051
2024-01-03 03:00:00,3018.4056743775136,180.13459476264802,56.681716444957566,56.32930210811692,70.81152281712357,1049.640128487074,1079.2634120318949,195.65518336021844,15.375433435775857
2024-01-03 04:00:00,4967.310943755346,186.18533044617362,58.576982832822274,48.17787773023812,92.6253965762192,1121.8702327121366,1244.534451176294,185.7494517953722,26.663809919528333
2024-01-03 05:00:00,4662.12714148008,331.420724431243,56.802508451034456,52.156370480458115,112.13273108590981,1275.000885287104,1284.8514465167352,348.4564887512548,13.39033683200291
2024-01-03 06:00:00,4762.913446565838,158.92981779485578,58.68576996578998,44.15983575723316,86.19506313596442,942.6105427469337,1234.3818657757279,162.77703327522502,29.272082733829496
2024-01-03 07:00:00,4951.82257755492,196.57045698874126,63.771575115540614,75.78932938919402,93.98992513775767,1146.3857846274982,1198.660441245763,197.14706529317544,25.20244410037747
2024-01-03 08:00:00,4147.28943884585,208.4118660629057,66.83424983240829,85.80020084128304,118.902287289399,812.5201015025918,1235.2041299777059,161.32220285938618,25.674696195192336
2024-01-03 09:00:00,4421.852989882234,248.0395084803173,57.632791303014415,59.87591116733326,93.7438418237852,931.1942363668122,1095.4991126338334,241.10835275823052,18.35449728525387
2024-01-03 10:00:00,3349.4924953191435,267.2890346029592,62.04702745435935,68.57990540044995,76.54606560732495,1031.8598639982963,1114.6712130990654,256.681364167774,13.064859152373966
2024-01-03 11:00:00,3286.3251838399337,248.65799517013332,64.11808431616461,82.03033659640236,72.58607458331956,815.4973942405672,1130.9698031869025,224.0833319451207,14.652946816769868
2024-01-03 12:00:00,4671.007404476179,166.8230669113764,67.38799209031235,89.92977824001952,117.27082862199742,1108.8347302768195,1229.3338021890115,155.3483862369403,30.10516600046789
2024-01-03 13:00:00,4177.740515357831,198.7334908111427,62.93078627753326,66.81098908378993,83.29047066375328,1139.155304200854,1182.5703221235212,203.30864029484005,20.587521754523465
2024-01-03 14:00:00,4413.090266202972,318.7176769525082,58.31639010335595,83.38676799239212,95.20319532822754,1173.3658574190233,1123.3427527457518,321.32675146456506,13.750335268524564
2024-01-03 15:00:00,4912.497143540064,277.5177400956918,63.13121603988117,84.51649479333852,74.53508830449843,1058.287252421506,1314.842799643374,279.65496128364623,17.553497264688954
2024-01-03 16:00:00,4586.795800001477,279.8298100268549,59.166385101814214,77.48708926845734,91.18275602753025,1101.9723324893134,1162.1765520879671,284.9947833963254,16.076438433743956
2024-01-03 17:00:00,4383.94850164499,284.040651070271,67.6896690789922,57.65588346438661,116.5052759625062,998.0326256392436,1183.8095157689672,259.73734165377374,16.81000365892536
2024-01-03 18:00:00,4398.017901863534,302.58060380790585,60.19578975712728,34.86924002543396,95.12064968154692,820.6265162532812,1172.9103229646985,285.21972271521656,15.379457906478361
2024-01-03 19:00:00,3759.8752451565306,161.62169634428946,63.91056036989318,30.94833332640803,118.5567575901164,849.9759278872565,1104.5828865830258,147.48379102475772,25.462380765236723
2024-01-03 20:00:00,3077.0445864198487,223.32167698652248,55.30195857050786,58.63203799697548,82.94178186186998,1127.4979621007321,1269.48810462907,242.29816242049608,12.643215042097461
2024-01-03 21:00:00,4091.7934730809056,257.90548705233573,60.20079879975182,59.65887201207707,95.22726198519686,1297.777649792888,1184.5374786806574,278.8623973416052,14.695159421802183
2024-01-03 22:00:00,3536.461682048823,217.6912966594652,66.37639897319265,54.441743271778336,112.97653959046626,807.9016195816481,1054.8771329678154,184.10107843888974,19.269179388782856
2024-01-03 23:00:00,4021.3216093115902,318.8957746574373,62.9329567776322,64.09004107748187,92.41261772768719,1078.7917484131913,1339.204110707939,312.86970191639,12.807620308521344
2024-01-04 00:00:00,5133.5076831704155,246.51450171745878,60.771257523147696,63.129762198265624,83.97436867850948,1175.504376441279,1294.729083478624,252.73403981259912,20.32606866860847
2024-01-04 01:00:00,3584.848714663352,303.7255178918758,67.16718749266444,80.19678246196158,112.77376817089407,1213.3874140069393,1267.067806227541,283.94269774177,12.573548563569945
2024-01-04 02:00:00,3145.756854222665,320.40310337623384,66.10179688991398,36.51942619573575,89.49447344363045,1072.60245061132,1310.7275611555588,319.0175160720076,9.845519196617712
2024-01-04 03:00:00,3703.4597300549913,250.9582965806996,59.188803759698196,43.510659966332724,96.5361645530117,1109.9579900920526,1322.042176081665,259.1825484839055,14.2544846583417
2024-01-04 04:00:00,3733.984394416709,331.91044877427,62.07912922653742,77.58029873757783,118.82635332075728,1148.3624726372768,1151.2469119153316,320.69679696533586,11.673442735232967
2024-01-04 05:00:00,4654.791286817238,267.4247881073961,61.367715329202014,80.87021203341928,79.3241647377932,1229.4831248467153,1233.2876035250097,282.3770491064974,16.45037226446268
2024-01-04 06:00:00,4392.580380853196,320.05485976674436,63.21863250149321,89.68945281725206,85.07003183600929,861.1447686014093,1232.6423427616783,291.7488026887466,15.106618693741508
2024-01-04 07:00:00,4959.745522766034,218.11815911830485,59.343446470463824,82.37472098322505,71.553480003492,1263.0910981374318,1130.189900643179,244.3132321869503,20.288479001217798
2024-01-04 08:00:00,4660.783850818469,249.76339170629706,58.17466500995655,83.39394042433986,89.59188549550264,813.008701775785,1116.5856754341203,223.56362225922473,20.815204262101062
2024-01-04 09:00:00,4015.967153600176,256.28220820091553,66.86473385832197,48.86087655779429,80.00917152924298,1218.0998754788877,1084.1721764457066,273.5357981455074,14.619022401997354
2024-01-04 10:00:00,5035.050961665087,170.99594317921412,67.01036849348058,54.099698040562586,104.00174677039456,838.3702132798486,1247.7942587749358,147.2132865061296,34.21508231093869
2024-01-04 11:00:00,3417.4322997692598,229.71050134030813,65.96319751490573,46.08510628923306,79.06607293829262,897.3141058024612,1284.275697309234,224.52825499483936,15.265260896151327
2024-01-04 12:00:00,3056.780182834651,333.4675345103352,67.7166575999393,66.37796389156293,103.74063762029348,801.9470731905664,1278.2858938551012,283.99732407090636,10.77707798170625
2024-01-04 13:00:00,3225.119651939104,276.16644807294847,64.68488983513595,86.3283212524223,83.17377140946589,1022.6283527680204,1144.8826131554922,257.00621155730477,12.66074198933736
2024-01-04 14:00:00,4805.898376491125,185.5013164873935,64.940673971306,50.67845319069706,87.76089170606,967.1796133586961,1111.5779551395606,178.44574508775935,27.00347575384876
2024-01-04 15:00:00,4154.693075628468,217.77112712192098,64.91367119551433,63.420106912887015,87.44303260231987,882.9964557435137,1186.0842535363865,207.73065290037658,19.985008810673502
2024-01-04 16:00:00,3403.1794475840043,188.32060193253997,61.24789920224998,47.7779778272091,105.83758750818046,1025.545080401953,1214.0440380721532,180.45206731877238,18.843286545354765
2024-01-04 17:00:00,4252.611937758409,154.96462635971452,60.93387852868553,40.18799842636245,93.32546315691715,1001.1854415860919,1325.7261383905668,155.54888454711335,27.36287688716162
2024-01-04 18:00:00,3380.7802567829212,335.4920917008053,58.12294158993704,41.71113178911934,88.06494494263416,1183.8305163493708,1312.4469462822162,365.62319095541807,9.204723271647808
2024-01-04 19:00:00,4740.80093769434,239.6414656513743,63.382649526670775,33.4767206722878,112.6311359519725,1246.5651530350162,1324.8174993905482,241.49287689899344,19.6895391477945
2024-01-04 20:00:00,4115.3906889350765,211.50701448415722,58.76116176933035,86.95761138055545,98.59753128206013,1126.283625883541,1305.0787155407938,211.1507709961861,19.508374423404184
2024-01-04 21:00:00,3952.5530652412062,269.6954383115473,58.35150932613061,54.17277651045778,80.69154106389989,862.205194363262,1339.3743613308934,252.56453149377427,15.662498859512807
2024-01-04 22:00:00,3753.7802228696914,151.46289125860312,62.617497863248715,80.04725352012649,115.00456390718412,947.6953973549253,1189.6499991507171,130.25745486610396,28.852508046865083
2024-01-04 23:00:00,4575.706482797221,205.60442132016277,60.32977104692556,70.87976836138147,87.13251480168203,1256.65914841614,1064.2420492299284,224.6057232950724,20.458313741916363
2024-01-05 00:00:00,3904.531526383476,290.6066931397785,57.84513591433022,41.51526968466513,71.94896887686602,844.3672465039446,1075.0686096445434,288.8596615040516,13.525601363992926
2024-01-05 01:00:00,3219.1247982902523,276.7539546138526,65.6087282177868,40.52773479474527,94.73001119872265,1003.4279196954133,1167.082842531703,265.0238742944606,12.14089442697995
2024-01-05 02:00:00,3295.0147553012885,346.3611895085071,66.18740895082689,78.71929209063269,76.19690272204389,1271.2523096167406,1127.3061273818992,367.3410180649986,9.045342942980714
2024-01-05 03:00:00,5404.7441613737865,274.0715419316088,57.18009375581115,45.882702637172244,81.92332218578713,1275.3324207347428,1100.9821774083202,309.6300566046484,17.503866889762346
2024-01-05 04:00:00,5271.451726769017,245.50117472554655,55.0975914264,84.79711102211854,107.35554363437055,1005.6015885244462,1335.9611323525946,232.319373167267,22.674489704353924
2024-01-05 05:00:00,4749.267834526874,302.2865126368015,59.36968959088186,38.403324281369436,76.53759066881592,1133.6984440493986,1108.6258765231867,331.2718810252423,14.33672464459831
2024-01-05 06:00:00,3664.674903648799,330.66557439281064,65.36764086384979,70.66251686726817,110.34721121770178,1028.3727991769995,1337.8137816945693,298.12647919439394,12.30211863363493
2024-01-05 07:00:00,5422.94094336931,294.1391893436703,65.90926026104621,78.86843256185603,116.84536440654769,1176.7302697181708,1278.2516520963622,276.04934528490537,19.662915154140034
2024-01-05 08:00:00,4946.877259914487,342.6422447098759,56.79827791150864,44.1153833049387,100.32660502039724,815.7906653464993,1242.283701637567,314.88849350942706,15.64210340254672
2024-01-05 09:00:00,4792.225472897489,306.4010341476354,65.06636671537967,46.572441807393965,105.51795960114146,872.0785744606792,1252.8056880268134,265.565871816267,17.968212092844308
2024-01-05 10:00:00,4123.403755359472,323.3602876523853,56.504154175022585,87.8711331683521,105.67933049537086,1107.0994017717996,1149.442297097737,310.66885994808825,13.22829566414521
2024-01-05 11:00:00,3680.6039046128976,172.82081423672744,60.07081367203488,45.8758563207695,119.64039786352225,916.2761312215318,1243.9281114174846,164.09310985049018,22.38173535375059
2024-01-05 12:00:00,3240.977405383748,296.48270059875756,67.9819236951549,55.79742299400287,87.07691311008114,1133.0261496345743,1106.0076354843795,297.5347318618203,10.860578813421634
2024-01-05 13:00:00,5256.505991359604,238.01773990547372,57.50368070200183,55.95093559454197,78.14282756213512,975.6114637306491,1331.311629760794,234.4121218465385,22.455942735863598
2024-01-05 14:00:00,4139.4407245840275,260.62076048225504,57.001526573509146,45.18208499578101,95.95836174571608,1243.3227790639107,1140.5380019881782,275.92104309684913,14.993818966104588
2024-01-05 15:00:00,3505.908411988076,280.8204818964714,60.496404323108315,76.54746518622542,96.66249049158542,1209.629692779993,1126.5559536880626,286.334937265267,12.253901592814577
2024-01-05 16:00:00,3764.8915603766313,343.96302334111385,63.055690837608196,76.31096059374931,78.89562441480723,1046.418900034391,1263.3488394582473,347.5050070836809,10.772849040463422
2024-01-05 17:00:00,4448.04892235474,346.91561628632496,67.12771017137229,52.699080853427134,100.65547094970697,1186.447543547429,1246.9346154198545,344.23403460187444,12.898501682401232
2024-01-05 18:00:00,3441.9319573480793,207.64564909758104,67.75067489192945,80.10754746484403,70.7062366738412,935.5689431175451,1185.3896755029916,200.9402739340315,17.15849230030931
2024-01-05 19:00:00,5141.535710230939,296.75069948758323,55.90532827568813,42.78449606394014,116.38342012271107,1047.1298884059313,1239.7338704072358,292.4907334901849,17.608204379055863
2024-01-05 20:00:00,4896.298824588025,299.9967075870537,56.79396772552277,30.258346540060717,83.22871389106308,898.7410259316391,1097.8479215282568,303.15019698107085,16.115167129368373
2024-01-05 21:00:00,4798.657389877342,219.29857226260975,65.27959366064792,64.27004172334446,71.97801041950959,1230.443084260497,1251.9984922205865,227.87783423281613,21.066109258775324
2024-01-05 22:00:00,4080.2325994377593,174.7739549728442,58.51821797952118,89.6446663471427,75.41247207374285,1211.5338082842075,1131.1832085585581,190.688916439993,21.507266765859427
2024-01-05 23:00:00,4568.272101756108,158.18939205714395,66.50303777358269,32.31865858961308,82.01244741398209,1251.0748342045006,1131.8507930029373,169.69049595093725,26.920322002062733
2024-01-06 00:00:00,4460.244922281839,305.4686255058357,63.62489234397813,42.47988442250764,83.69530843030226,1238.7384906121297,1098.6539804831355,334.32569136754375,13.306358221631157
2024-01-06 01:00:00,4624.6165038870495,247.93994836338118,56.453982430948805,61.13487854922505,71.64049997488644,1279.7981310297473,1149.7131405108494,279.23828952068106,16.55285332180526
2024-01-06 02:00:00,3211.110802849723,347.10803389898524,65.82288070401209,78.59644418669224,83.96774060968646,914.168115815963,1149.3753180933984,318.3946883169771,10.089924096731464
2024-01-06 03:00:00,4039.518505426524,242.9946912387306,57.29263294010499,35.342520304503196,79.6470868246741,1265.9121453976577,1186.2537035106807,279.7442865503447,14.43248092989975
2024-01-06 04:00:00,3104.035434654731,345.58339581476804,60.505440130835495,53.71407922553366,88.93104637172593,1085.606595675999,1107.1258513999048,350.9720175406044,8.842543132852164
2024-01-06 05:00:00,4234.977048111297,232.31520043881198,62.17840407127129,74.82454803779318,89.25838686779846,1011.2475419590761,1107.9022608476298,225.10102860345208,18.741500233688217
2024-01-06 06:00:00,3824.6530308319634,308.73643011199454,61.509959938043615,52.292592504381695,86.95038703014396,1080.1869479839365,1212.5215714989686,312.41613176549623,12.194043709702596
2024-01-06 07:00:00,3361.310472165117,166.9638544623664,63.92011790299696,41.33018522853834,86.3961941765352,971.301178325139,1088.6632214011424,159.74481340231023,21.034283518324884
2024-01-06 08:00:00,3258.5074193063792,261.0923420275528,63.48492755330032,41.72974964379524,74.48656388706256,944.2765034804761,1256.6691023966505,267.02463990974746,12.194758091979056
2024-01-06 09:00:00,4469.11143044428,310.4119573971449,67.89654607186472,54.60292721489965,71.26024735630811,920.6571689887644,1333.184137758779,301.41804954549656,14.79864412176119
2024-01-06 10:00:00,3426.4824213422153,334.9403334439777,67.99248481991444,58.76502448835347,80.10571500782333,841.2139947285634,1178.0386864993134,299.13414396773095,11.44581770422864
2024-01-06 11:00:00,5312.800295941993,314.5166181234863,61.71397223426333,81.70886506896085,107.83247137083077,1048.2824485735937,1320.3315939452032,295.73356328803663,17.9678709575377
2024-01-06 12:00:00,4452.652849250988,157.39414544023484,56.23758813049123,68.53514511407961,119.54048827755611,1243.8808378569438,1079.4949773377593,155.83492204165088,28.617352738765863
2024-01-06 13:00:00,3867.1745113370926,224.54046826134683,64.46196288659334,71.42411727093008,116.42630875286645,1115.0759846371923,1062.8872882126934,203.53642203163946,18.994953397851955
2024-01-06 14:00:00,4477.288728703542,159.73969446277025,67.69663301681567,88.97923029215443,95.21096777688842,1060.4878163778867,1266.410663254152,152.77509326923038,29.326359973341134
2024-01-06 15:00:00,3057.0096775742436,171.8564582229116,59.13824303917726,54.710606418058426,96.5911927888967,1014.2964591254582,1278.306471894449,160.21350462789968,19.053768910081235
2024-01-06 16:00:00,5396.398033103613,285.06112573349685,60.99571551588846,54.2012641949477,85.72907845179213,1032.200813158596,1302.9174722897253,290.24241109528595,18.621332198894212
2024-01-06 17:00:00,4205.758592357251,292.65163926233964,60.522100022600924,85.40081806354874,108.69697193188281,904.6386737859755,1067.0453035199944,257.11857188280635,16.376059198684334
2024-01-06 18:00:00,4956.838068125716,304.74413655032527,55.668449009240085,44.752535220303514,108.23783439663242,1211.4679385965487,1283.0721164870492,320.7874991299515,15.495383221494487
2024-01-06 19:00:00,3206.8249998060965,323.0913096111326,63.73943760590478,73.788914778172,112.21361787912222,899.191481640764,1162.9616198389745,283.28132575347047,11.35595681266111
2024-01-06 20:00:00,4216.645827095401,297.886293695302,59.59339003589008,75.27438829308808,114.77522885984422,1158.3113783636566,1141.0012898046596,292.14959543297266,14.462610377863337
2024-01-06 21:00:00,4226.767485886302,310.1743184213264,65.23703037020952,35.86727984672659,91.71746241126479,1179.9925057480764,1101.907176402989,318.2701499282736,13.275518677036015
2024-01-06 22:00:00,5344.566137437458,159.79274196465585,65.81756097866582,58.09388434161504,108.34377840535987,1087.4345210138672,1348.8047265307582,154.82127122919277,34.53312445450704
2024-01-06 23:00:00,4429.320130940188,196.90703008825972,65.67600022577199,42.03374827929324,110.31993643979393,1231.4631874774143,1069.0990767956591,199.08906549442153,22.301108149006375
2024-01-07 00:00:00,4183.723502642384,274.3795546750491,60.41665797451844,41.12251636814914,85.42298112488751,945.525176225325,1298.1024043823998,264.44861279558484,15.787950058576364
2024-01-07 01:00:00,3667.439157729734,321.6250609249646,59.180093869131696,57.829686627772574,116.4621122003075,1240.8086106214316,1241.8483306471583,325.8056954814117,11.225102159913519
2024-01-07 02:00:00,3828.9224933563805,150.90002498793183,64.7346701356717,47.3657824504839,74.71707513198277,1164.705229799652,1270.5241332785602,167.02217723787442,22.933706828981684
2024-01-07 03:00:00,4301.681006178845,252.92586842326995,65.4180626399554,77.76362685755225,119.71345895816414,1199.3749138808803,1263.5151359765389,246.8280221826956,17.448610985591838
2024-01-07 04:00:00,4097.278650762617,285.45747987287945,61.38634680308776,84.45629348342894,108.50453590794348,1132.289854763657,1307.5303455219548,276.8140734830884,14.760349376383784
2024-01-07 05:00:00,3054.030199700826,155.92145782572265,66.60940325397193,78.16323631730194,74.66354526621636,1223.1715084949847,1105.1376209568325,155.9838186102624,19.575409420021856
2024-01-07 06:00:00,5065.729810485895,230.2711115106776,56.87081304902126,45.96185235729992,102.81148240525003,1296.5494313588179,1050.2473850504057,253.85776622394908,19.950292519612614
2024-01-07 07:00:00,5240.401929599417,329.12697627673936,66.42789413556648,46.44806362131651,71.70897054641301,1010.0814272623193,1229.55854671298,333.9882268298737,15.57961520111553
2024-01-07 08:00:00,3350.622722496527,284.32256177117176,56.24923802863446,45.283701007048045,108.50934747220914,1206.957841854785,1156.1575917970001,302.2306592932348,11.075330108853482
2024-01-07 09:00:00,4385.090358847623,197.53167267211947,56.99583178670998,38.10228576337416,109.96114608295277,1172.289879759017,1087.1361993351413,208.97522568380973,20.975915054154903
2024-01-07 10:00:00,3271.439352838609,320.5562259263825,61.939920172561486,86.62790208622268,100.12051265457238,1026.435082856009,1105.8416262312717,300.9886040288195,10.860966135019526
2024-01-07 11:00:00,4680.600232599529,219.60628468190288,55.877740242436396,54.122867889424164,112.84301959582852,1263.4744998662559,1149.524793737767,230.8903440384762,20.342757506204432
2024-01-07 12:00:00,3703.084459597521,320.66893422881185,55.68649231820144,43.48136847275242,74.89416401074298,997.2129647862973,1071.070011266011,333.75824399936187,11.034320172017011
2024-01-07 13:00:00,4648.556586729755,209.7887302237811,55.00674367415417,80.80026303049462,83.79619210204066,1082.7329581381186,1067.0739606385353,206.03896523610865,22.520309992570812
2024-01-07 14:00:00,4817.486535717207,268.0640501766298,60.672116576025424,53.95171815946743,90.70887607963353,852.9711784954808,1324.8078764497332,250.55545235283975,19.096617119251736
2024-01-07 15:00:00,4921.618729794142,229.38801354956684,65.07011045679899,32.10700866657999,72.12289764140492,912.8875970331331,1143.6308248061089,227.16062106530734,21.641763613387628
2024-01-07 16:00:00,3269.3523648897412,204.96501015101342,55.4528985536389,39.71649421497787,92.41080437855831,1220.3480852668804,1344.6692092420753,228.74904239055266,14.272528429250652
2024-01-07 17:00:00,5290.02961284402,327.31151243437387,63.47934888405612,68.3550204213702,83.2606728056283,998.2763614144237,1339.31010249912,310.0024029579136,17.038980520597008
2024-01-07 18:00:00,3575.534977237202,187.51873638789826,65.70065512641042,76.97431645030343,89.63675060508766,997.0420447076291,1092.7713846981342,178.53878748698583,20.082040413512193
2024-01-07 19:00:00,3093.5313904404493,166.9623182471526,57.18401103151233,42.656063309322775,91.25513159961532,922.9905090953101,1264.4772908688574,174.07094008450704,17.81470137401051
2024-01-07 20:00:00,4387.131173478709,218.3853877091321,56.90922855267826,85.04373535596852,113.97058667438426,1045.8051671487272,1230.2414667381208,205.14139348112695,21.389782339212793
2024-01-07 21:00:00,3927.305709656097,293.52782952831353,66.19041265706697,81.05982720312986,83.51704852638196,1202.9084806753112,1257.194121931546,296.7714711890543,13.214903457147733
2024-01-07 22:00:00,5074.474357831034,311.4863211952563,65.70061992935123,80.90284524366486,114.6871564358136,1247.5820588868698,1078.8573000043425,301.9690224119223,16.855928438355086
2024-01-07 23:00:00,5020.628680160755,349.74867401335297,62.00624296143443,43.65966880795285,91.29854824064246,835.0572160220919,1106.5680235903674,333.33733489259447,15.060717336572322
2024-01-08 00:00:00,3792.8472320567885,209.272411402233,65.64959843082174,33.03215931900346,86.3903860346993,1087.4103656200577,1072.9915984352645,207.89921364107528,18.2027689325865
2024-01-08 01:00:00,5382.248487674362,231.58839022625642,56.205829006518435,82.04541236895503,95.1256024667573,1033.6366839461673,1231.2402615651213,227.63043470745112,23.558866251520307
2024-01-08 02:00:00,3727.2945953502967,177.36425560592525,60.128259733203805,48.34801372431404,90.88716431814198,1107.1409252357892,1345.9773227547273,178.53182766114153,20.85541390557488
2024-01-08 03:00:00,4287.642823079286,264.97438592460674,64.59136822938285,67.13498287041156,82.8686156527573,1023.6378434541346,1251.5953612973824,255.08188505350142,16.846620127487952
2024-01-08 04:00:00,3639.912726419007,349.51600745258344,58.346875471211526,75.5980130220438,95.13396623980334,999.3224104267076,1263.2284605065788,336.0971559635674,10.943768996865716
2024-01-08 05:00:00,5340.108925122408,290.1762020241317,64.78027588763618,37.69759551066721,77.59008665394157,1035.9403562147447,1345.3755124629843,301.8947717909244,17.691723793386718
2024-01-08 06:00:00,3411.5195439550453,269.04256808267434,61.55432185708058,76.85030127114288,87.5964971511483,1090.9995643782072,1253.403466251539,276.16490626110857,12.314929414076351
2024-01-08 07:00:00,3112.2765484808224,228.4738185843588,64.75345784332703,86.31068753766394,98.28951096870453,1050.4916055158883,1062.0544717885412,215.11739513323496,14.408556849224667
2024-01-08 08:00:00,4087.742650007595,333.0597520571109,61.04083529214528,73.70249794478454,90.67041221949293,1036.072225510323,1310.1016802569793,322.1933230978767,12.714833503471302
2024-01-08 09:00:00,5480.938910139593,249.3833192260699,59.78275642288363,56.47336490883349,111.19561805253983,1208.9176549790404,1159.403487113639,265.4822610932939,20.55698627353609
2024-01-08 10:00:00,5229.193165637285,176.8733826626123,57.84945981422222,82.60068832510217,82.83608807675832,1172.8239956189288,1051.3090864544147,182.80511684071982,28.632806078541968
2024-01-08 11:00:00,4871.520048642373,223.07569263982668,57.7089314386552,61.647457804353536,118.4885789415505,970.6892470905964,1202.1702532682461,202.7074692950696,24.073152696978596
2024-01-08 12:00:00,5226.981227196312,163.43333376955337,64.76938053742815,74.68625566900525,109.23610104256757,1200.2885587576602,1331.1045002628791,149.88734762266282,34.89454546134667
2024-01-08 13:00:00,5233.616599244659,190.3958075377563,56.54583452444149,79.23035663151624,118.37965129987361,1226.8253345022501,1127.199206158495,196.9234196469887,26.56592995511939
2024-01-08 14:00:00,4297.145900966123,153.53375619998243,56.117770551442284,74.96117170194036,111.9068277415152,876.7461026870952,1197.453951915852,142.53247126507966,30.176786960637745
2024-01-08 15:00:00,3789.8226295769828,240.6559833000327,57.29178774528769,47.271292562889236,77.10519629258214,1091.3412308653794,1102.1330663347171,269.414143715106,14.075449930094516
2024-01-08 16:00:00,4930.03108027747,276.90805299035947,57.27950464890098,37.07063405434987,96.32300453175068,942.6559967996069,1067.307801499932,265.25265155350894,18.54726458284056
2024-01-08 17:00:00,4654.1531579194025,218.65849247578154,65.70039909648969,44.300311761723606,78.49892605978928,1169.5861609633612,1074.163484013934,237.46916492828922,19.69149953754992
2024-01-08 18:00:00,3934.144322184275,234.0763543010554,60.180586105164764,60.172496218821195,110.91136763136286,919.3926646793416,1268.1032717884066,213.0868842859336,18.445046123752864
2024-01-08 19:00:00,3236.1666701537883,341.8418545689152,67.87504994568627,60.31661533758575,99.2081074591648,1135.7017620865158,1309.2223412226447,335.2656436090518,9.691332490534505
2024-01-08 20:00:00,4866.974028372565,300.3926243149831,56.78374635127796,64.95866095887226,83.17246571784528,927.562328028817,1092.9896517757472,285.77144957573853,16.910070932804274
2024-01-08 21:00:00,3656.1512898071614,258.1713273889902,63.496017734017364,53.70611025287345,116.47994860035857,1055.5718817149716,1136.4955703431406,248.62779448736893,14.769143588286022
2024-01-08 22:00:00,5342.032876334448,206.90817502236504,60.83348359361626,77.21348288700166,75.75930266571304,1274.3232339580961,1108.5088402934482,229.01120725949096,23.399951069553936
2024-01-08 23:00:00,3602.426437514212,329.399359754599,60.10793629706196,84.78922502083248,98.1931201735657,990.6537692282172,1058.0567330779284,307.93095334641583,11.70030403142562
2024-01-09 00:00:00,3306.894831028715,197.0194233761319,66.37609458770307,44.80350320876828,106.05202773333627,1237.8692429816037,1216.0294109660952,202.83927503156133,16.33096877364125
2024-01-09 01:00:00,5077.781680312266,215.0685461033354,67.6827433957692,74.19139306211328,72.94242686662159,1293.4722906019474,1259.9766510412942,225.34768896199114,22.561024295399175
2024-01-09 02:00:00,3383.210791561235,331.8129628845897,66.34716646406433,70.67831115270268,99.89280166031018,1237.4254244025817,1244.3632442655212,328.8022000359027,10.257362507309038
2024-01-09 03:00:00,3448.1707703943475,255.90841105701446,57.49990882745673,61.3854299567589,110.79506077315472,882.9330148616714,1166.4160641906742,229.94712058751395,15.022850564536151
2024-01-09 04:00:00,4498.456978802109,298.4635898835953,57.870372975716144,41.31181403244962,73.37636572090267,1209.8291097675815,1216.5030737819716,326.9826207557832,13.717048823334704
2024-01-09 05:00:00,5186.405102093661,268.14895883275324,63.52896042823582,77.71393551496257,95.61214855533136,816.0746975502806,1078.2297919908674,237.74258162658788,21.78477534200346
2024-01-09 06:00:00,3491.086664286433,280.687841801899,58.758086561296494,87.63757713772996,82.927858907437,996.6509418496539,1096.2911156168054,278.6744256000717,12.583821311880952
2024-01-09 07:00:00,3775.809182250237,209.8766583029651,64.55142670014754,73.31017993401682,103.14622257684604,1235.366686658932,1329.538385865895,206.10532984160184,18.368536574968733
2024-01-09 08:00:00,4943.512095602944,198.27441232533258,62.36346846052538,85.07159979754404,75.93386835394224,1144.37610637996,1278.4523243459691,204.61965302650347,24.124198761377535
2024-01-09 09:00:00,5429.566065152419,214.49846943373305,62.16181399037524,89.05111589687999,116.85257153352535,1066.370213668939,1326.8217287475502,193.83331685718744,27.974842386647797
2024-01-09 10:00:00,4251.8529655058555,181.0883128166845,65.77111002290421,51.123040454354296,114.73642908573659,993.9320125413103,1325.00408534981,166.198041048351,25.55077120156099
2024-01-09 11:00:00,3359.743756378127,324.8628730581615,64.23692603265481,68.29341317558021,79.29872099378545,1206.148473235143,1244.8177851323221,336.82535656288246,10.011367225878459
2024-01-09 12:00:00,3034.840719270504,206.64938665002282,55.34551094496479,58.43596425828468,86.16329421825523,1154.7792019741105,1328.4715944336494,217.05341097574944,13.93200042467163
2024-01-09 13:00:00,3574.140074997138,262.29787888287694,55.6429687828982,89.1977248117938,99.38174873265216,1034.2026598078367,1175.011230924739,258.4722987534846,13.84577809322862
2024-01-09 14:00:00,3329.5555444663028,308.3948850282748,62.8202598819282,35.6284694404635,105.90311683171252,1246.2421686048299,1051.0848734354822,322.0105029494251,10.377239685399507
2024-01-09 15:00:00,4694.146684032144,306.76482187514273,61.32049698308958,54.74249485783348,92.1328007580129,914.9740089093162,1068.771334753848,299.7402540313514,15.656302699526298
2024-01-09 16:00:00,3304.5812615713276,237.67725171683858,58.38240051945889,82.53234267163417,77.81456609804876,885.1957545793125,1082.8461977102445,225.58104134378223,14.699700838537883
2024-01-09 17:00:00,4265.824829051582,245.25146171734514,60.44252913509242,47.04307863159093,75.20757469014357,1121.4018821667908,1078.606035954858,257.27352281359185,16.565677785167683
2024-01-09 18:00:00,4735.656089107217,348.94034978700495,64.85283414352719,77.26757103833236,119.98826684571719,1285.997171350885,1155.510717255079,345.90485071378976,13.679939425121708
2024-01-09 19:00:00,4452.791523052256,284.9194953958048,65.7459493005531,52.966989766815345,92.76760607217436,923.6282866533852,1260.3812421328073,267.0111091694871,16.627565635214026
2024-01-09 20:00:00,3499.4391291501443,312.9276886235765,62.29589988257057,88.79871239340949,113.6265874574249,924.8351894669132,1287.1946419801484,275.5911042375271,12.748798225155198
2024-01-09 21:00:00,5010.311315455657,330.5107938438464,60.00980325114234,83.01179018542246,94.11880023145572,869.749423981095,1227.0639823033873,304.48598141891284,16.416655885545374
2024-01-09 22:00:00,4788.517824039504,307.51796724586785,58.51905789943639,48.07922145975692,116.11788192730016,1230.281777636816,1093.9308523670938,312.36714545793234,15.34726284425515
2024-01-09 23:00:00,4847.460009788854,187.0358689907135,61.78494012000029,76.2115868122713,74.38796913857753,913.1987702056671,1274.3704806444525,177.92702980594248,27.24052417597835
2024-01-10 00:00:00,3327.644378893283,262.43414674751443,59.09174504133695,50.21139262999612,75.70095956672755,1051.589263362444,1156.4405757412796,273.1984445052264,12.127680485632197
2024-01-10 01:00:00,3309.3845091258618,170.37883146290898,62.3332367816139,66.3817704129321,116.4816093862112,1295.4362390011024,1053.8980046015388,165.43302429597838,19.97392137651107
2024-01-10 02:00:00,5318.906377516269,280.5844253127997,63.79648097262529,69.50884610359752,117.37465225223924,806.0704504610218,1134.1765861598249,232.48228752976726,22.947903254383853
2024-01-10 03:00:00,3993.9454845623513,341.0698856375622,55.859029741952135,79.7757245451423,85.73587237326817,1078.2430452553972,1149.1801662422934,354.0121738532461,11.29202677496508
2024-01-10 04:00:00,3752.3717294523494,252.54641286002226,55.013877045295715,31.467050452920894,87.7582443496936,1056.144521352473,1132.2736605654309,269.30733527229694,13.882960693238935
2024-01-10 05:00:00,4221.460113378833,236.59449857355344,57.759602804929656,43.209473469137976,92.6225117417379,1203.7236882050775,1293.5610459562756,248.6001934168912,16.99618688493053
2024-01-10 06:00:00,4657.160531908956,157.16855028363264,66.62864947034416,72.71506863531472,90.80808400336454,977.6407697763884,1277.977919278227,137.68077761908276,33.81848038450544
2024-01-10 07:00:00,5389.058142617425,341.95490446584404,63.40177992197127,63.81139421817224,79.50226079797983,1005.1706794495208,1258.6656091237924,344.30424070540573,15.824726040692582
2024-01-10 08:00:00,3716.1155672051373,170.60053682603177,57.235484575181296,59.736304692068586,114.91876919696873,883.9689902994319,1091.7015235536796,153.52501615735534,24.219533352867458
2024-01-10 09:00:00,5312.021073280068,158.21581866096938,66.57343150370704,33.31259740247883,82.66538003528218,1170.4076158178932,1292.3501729118846,163.02067663744612,32.5659216780291
2024-01-10 10:00:00,3062.148728465641,199.2133223009877,61.10942722373542,50.89655300768737,105.26362047388258,1192.354454594074,1253.152788498997,201.9695767364296,15.232436984090576
2024-01-10 11:00:00,4387.995105817062,163.1060867836765,61.189192836822585,81.90601391463889,73.35778388674865,868.3316603894151,1108.4513059444175,145.5299369674151,30.059786344355487
2024-01-10 12:00:00,4584.937779202713,241.02356848235246,67.16204526995452,31.85357022216193,71.93756657642147,996.7285369941609,1244.428179084455,249.89839490911248,18.35192380349235
2024-01-10 13:00:00,3264.743509376883,253.21756025142247,55.77332699838342,53.78617412188873,102.68652362884603,1246.4524976813414,1195.0534923011044,269.27489866941033,12.22392433228029
2024-01-10 14:00:00,3350.8489926597817,212.5139898057168,57.79731757017334,86.70889726024636,86.95079287866302,801.3536368378935,1181.8050185568675,197.89822560434112,16.926373143674805
2024-01-10 15:00:00,4047.78579829076,160.1920965149772,62.61502722701139,33.05284407270088,102.77296963600006,949.3795353113162,1083.6369490417167,152.38883080455776,26.47555592498698
2024-01-10 16:00:00,5415.579780357954,172.32007364984534,57.54132462456605,74.9823450626782,74.70106010844152,1077.521142526274,1205.4912827535495,185.96443336375447,29.101793012089253
2024-01-10 17:00:00,4490.106383085932,226.90087559798562,63.83385111971645,45.456756970922186,117.49256899579316,967.0469298299766,1079.9795426917092,207.4405853506253,21.71799061963711
2024-01-10 18:00:00,5332.5580540005285,162.10569016530724,57.78319976137736,81.99652992922034,107.42572334465477,936.0225945888346,1099.2760161762799,152.08939517351106,35.0808013785971
2024-01-10 19:00:00,5010.902289032427,289.6379451219827,56.289040617784586,74.7640787375619,113.81336165128997,1030.0187424516064,1089.7638942824287,277.47280700913257,18.01713239920741
2024-01-10 20:00:00,4168.454003888229,191.4041083049624,57.690807075330916,83.14231025150177,76.82352770222555,890.7615540548469,1336.2324837210022,185.87305569781125,22.392086790307037
2024-01-10 21:00:00,4961.908623130468,210.4143137567277,60.49554244553681,42.95548742587596,86.00804844464346,1064.8126204797418,1135.4594071331671,217.96442624844744,22.736778523931974
2024-01-10 22:00:00,3044.591959942469,228.82515543561948,57.28979788925004,61.8775652891163,88.4172082103172,1153.347960656613,1156.5612970788022,239.57605791928083,12.726307898551568
2024-01-10 23:00:00,3272.859991914337,233.3219266138296,56.750996324003516,76.75619661448805,96.85863241634092,1087.647476314251,1146.6241818888109,242.20374635057124,13.579747825168434
2024-01-11 00:00:00,5073.571537206841,150.3321415349601,66.18366452084624,44.74198457969886,84.84342427537072,846.5546654292655,1319.4751335534431,133.67430796001307,38.00734569445083
2024-01-11 01:00:00,4992.042720812904,172.4140741997395,59.165163646765,43.844778316033015,73.03153710947025,1222.2043070827867,1218.8897734004665,193.44419314193553,25.828913678367243
2024-01-11 02:00:00,3581.6018549160844,322.5529127481756,59.6898629247373,31.6309280098551,88.44391903687354,887.4889187437441,1325.7479696799935,313.5489398694676,11.356201893900515
2024-01-11 03:00:00,4326.923976497634,150.24661250238162,55.71851532351596,87.51091763852713,82.7274657313641,1182.4060003055642,1139.9774717483688,160.55081309126774,26.884098941320115
2024-01-11 04:00:00,4515.039551750027,251.633471162575,59.645805105526705,72.6010128032774,89.29606457316075,980.2825553879252,1084.4504023295847,240.4032418384419,18.80777186240862
2024-01-11 05:00:00,5169.347384440028,247.9004013014416,58.442493305180534,68.13362124061109,79.84797713100131,1191.380674028051,1216.8655358172523,267.265239344554,19.274363977606374
2024-01-11 06:00:00,4507.767893346814,216.61883220212758,62.93630587544325,74.63968336169945,83.09481872823677,903.1364517026728,1153.6610975370052,200.67200640458114,22.452083500517244
2024-01-11 07:00:00,4031.428923184201,236.26540402928993,57.67007386974129,61.896775121726364,101.34761702161344,893.3310518477149,1290.5720500472246,211.51393767555246,19.075081152803246
2024-01-11 08:00:00,3935.4601085179565,306.11622750531683,66.54875088981693,58.56802926542462,89.40769172890325,1048.5129231087412,1313.8270226734976,296.14363551276443,13.232145072632655
2024-01-11 09:00:00,4064.7052159337745,318.24074124299125,67.08566607195422,56.97193446741125,87.2691696584746,816.4680073491802,1191.7720532721214,277.2438406346551,14.609906880137604
2024-01-11 10:00:00,4629.827563949935,202.06970868305,56.297803743298275,68.42635272621848,96.69528163611864,912.6486693911667,1341.4077072256525,182.29944548755302,25.3921214114281
2024-01-11 11:00:00,5168.726579380813,214.49808819354598,56.396238431751506,42.09209852354299,108.5930270421963,1162.006126092174,1215.9039019033216,222.98569522130464,23.204815513932754
2024-01-11 12:00:00,4134.74220519075,198.49657060566653,56.49924369544284,83.28352170089218,88.94339781739787,1218.6917391527127,1131.2761180158936,211.93723751715373,19.562352616981183
2024-01-11 13:00:00,3619.5989073783953,245.97268011021302,63.05440033203406,78.7051422731559,99.37597462779203,840.3926819689052,1196.6926546032823,217.42401607402343,16.67800260819301
2024-01-11 14:00:00,3591.655907493953,286.6516715317626,56.5855965347251,50.97381668712203,118.31013126840881,1241.0388547190523,1061.1930877208783,298.7209455569141,12.027131338852058
2024-01-11 15:00:00,4865.035700608616,195.6505750926841,66.08097013309346,64.71655780875146,96.09900570590253,1198.7586020265894,1291.2003480789203,186.38908955048933,26.06419498205398
2024-01-11 16:00:00,5041.421908559776,216.14714841097333,64.8055296941926,38.46163799700088,115.48987882587721,1234.8421478534826,1080.4305152563263,210.68788111025404,23.874845224896664
2024-01-11 17:00:00,3263.1951996353123,336.0769235178301,65.65751515709431,88.34077487601589,109.68363121282135,1149.21427728942,1142.6245465509014,324.2238232769912,10.039093489790963
2024-01-11 18:00:00,3166.397142387945,159.71385796939163,61.83878684951827,84.17356125781701,72.93593408250749,1137.0765336469824,1219.5949641014831,159.35923933705843,19.890051601174005
2024-01-11 19:00:00,4486.08415939113,242.15392104791323,67.956803749749,85.31385038995202,91.45494357346284,1062.5466166724318,1062.8925376940697,229.3171367136452,19.579626289445326
2024-01-11 20:00:00,3365.4331104817456,292.31160831935557,55.574276338274096,49.9297828622071,104.9159203934294,1126.3936122456576,1073.7950697544345,296.97126759927926,11.227525846891345
2024-01-11 21:00:00,5061.6604761408535,180.09080231149483,60.21644453441947,40.148082442971344,119.33559562241,1259.5548322833026,1258.834907283904,185.64643254688016,27.225772668660948
2024-01-11 22:00:00,3775.836684810186,159.47480400109637,59.21117669618927,42.70632980797862,92.91881455807562,850.2610007083542,1071.5331279182305,146.85859121635505,25.770921997620377
2024-01-11 23:00:00,3359.6798324278566,177.64107432770615,67.33239148326433,35.40008346270539,74.63927270633697,957.8822389230456,1193.124859874213,177.42949260389196,18.939256024457965
2024-01-12 00:00:00,5302.426181218625,333.76463870613657,62.499192460468706,37.20663780608306,98.10045873564339,836.227486797936,1151.608690026225,306.056068316289,17.254165230031155
2024-01-12 01:00:00,3413.8293068381954,151.8519563642247,65.48048255078143,34.278272051090724,76.32818960619801,1272.402585972019,1118.423822386925,165.95555996723155,20.688534862494908
2024-01-12 02:00:00,3711.8002058448387,187.66439496227036,57.214435517560744,89.38938415229241,107.57597801396966,1022.632732999694,1106.6336693590997,170.57218135955415,21.759429606522314
2024-01-12 03:00:00,3384.0334879801467,156.25670258032892,67.72224387070571,34.44346100214442,95.38384987308889,1137.6722353380942,1279.023388119774,158.2867735676873,21.398346562742724
2024-01-12 04:00:00,3288.7251591633876,172.12589351244065,61.4823141093921,37.95252485708482,106.17156841886433,1220.5600322521607,1335.4626579450846,172.98990866983456,19.031057198832126
2024-01-12 05:00:00,3052.8700408411,274.02985732565924,61.417736991518396,79.6352757354442,113.46809134392618,1295.5001240382444,1092.0539226609994,277.91198114666537,10.966645155250134
2024-01-12 06:00:00,3138.4885229106503,198.32778174781714,67.62150147109459,64.81441300457658,101.44740085813885,880.8912288961328,1337.9043657522382,186.63350409632494,16.779940219136613
2024-01-12 07:00:00,3436.6036773396318,263.8424100861354,59.94952069582288,76.46503227415994,100.62196646265907,1199.7563028591144,1228.428751042531,273.9115084875694,12.652484943986563
2024-01-12 08:00:00,3133.4548315679385,268.03907655322524,60.167825319214906,67.8547204663593,107.72851477198157,1243.7114490683682,1242.498121608977,277.08824269107066,11.358669096077282
2024-01-12 09:00:00,4477.859540277428,319.88706661795584,62.60178513646417,82.93050421973689,112.12275007263337,824.4376884254378,1262.9779134427745,269.0685574132991,16.683173449477483
2024-01-12 10:00:00,4701.786316998766,150.9482785823748,56.66468393712123,68.30805166588443,113.45268931385013,1177.0452800927867,1261.2356671063742,141.57758401521266,33.238777390536576
2024-01-12 11:00:00,3984.0761420800704,320.67389186847333,59.17411314335411,61.327505574189054,71.82150978414417,977.3626605982752,1295.9433324557065,317.9245377216163,12.481349220923411
2024-01-12 12:00:00,3794.9777423801233,273.8238172853948,57.511708191786695,72.76498162567799,97.80951483988946,1124.298395735216,1195.0405954043092,282.54737303035733,13.495173717126029
2024-01-12 13:00:00,4261.315592555575,182.54869722099153,56.342685228391645,56.84356510752657,80.81346548987757,1057.0240980194324,1210.0075762544104,186.43984791840583,22.814092393973276
2024-01-12 14:00:00,5187.512355586521,304.58747762705684,66.25987988230327,50.763829374284086,113.01729453908916,929.8711260433184,1147.1481007390248,267.12252528153743,19.434137815072425
2024-01-12 15:00:00,5127.829067055515,321.09830835811715,62.66130515965719,58.05914714701275,102.41988426016806,867.610681001993,1081.577278134935,287.4352893530294,17.75797311788827
2024-01-12 16:00:00,3108.68765503198,200.85269675083146,59.662746289862845,40.18284630591364,91.01112395162191,858.4736165446042,1249.3920572778657,185.05344460149027,16.69682109226844
2024-01-12 17:00:00,3453.7460239913103,333.7587361805362,60.31270190576727,77.79430378816149,79.40521140606756,851.6614288542459,1060.0829907558752,303.6844131253073,11.388727502515096
2024-01-12 18:00:00,3591.86217776099,240.89148605973156,60.60974704793561,45.64222688015668,86.95118129599132,1118.895020067289,1132.6905153250104,250.80838369757655,14.28068584065755
2024-01-12 19:00:00,3623.4689395805294,270.6848908666643,63.23093936788122,39.21189278022285,105.18888472701123,975.7054256997691,1078.26895933383,251.39984351284193,14.313712643935938
2024-01-12 20:00:00,4428.081629356931,346.9299067235287,67.04800208935691,44.78113450699361,80.21797726058193,908.3167191029362,1107.2181471968154,324.5750110365052,13.669737026142132
2024-01-12 21:00:00,4040.6560642579807,222.3072157278399,67.12613505554077,80.52420910633438,74.67914726691863,1145.9425463529515,1241.6192738692143,219.69649428175288,18.497995578827116
2024-01-12 22:00:00,3123.135299818985,312.63186916402253,60.08939573389863,49.81207773586388,114.40143791137754,1143.4247828832335,1238.5429890614755,312.11286222934234,10.075907345931267
2024-01-12 23:00:00,3934.035346148929,213.67982356569192,59.280411974771006,71.16299217035402,108.21051747900583,1069.584146178499,1176.3164738987136,203.98449163458366,19.27308724180321
2024-01-13 00:00:00,4309.382371794093,309.8427044482982,60.863604502408315,81.38457783934436,79.98974653290662,1267.4789084329254,1077.0515929468474,330.9948860270389,13.019925507266448
2024-01-13 01:00:00,3254.17975725929,270.14678377252847,62.383144995570404,34.664680015502526,84.61557717149958,992.7071157207106,1180.0121749378225,273.7534223766334,11.931651338621144
2024-01-13 02:00:00,5083.6463844714,193.2711390450803,61.00363284884673,75.90146431068257,118.6035088565443,1217.9314856346464,1155.823461557488,187.76191218038448,27.13106705428706
2024-01-13 03:00:00,3129.904666162761,232.80521875784729,63.56379432761711,48.4599279827418,105.40922433795586,837.5697039660981,1266.137745856785,204.89645255405284,15.25836667588158
2024-01-13 04:00:00,5312.104672545155,213.52712687271233,62.20718730393693,42.99734185104256,100.52610021069124,1169.9155470192522,1223.7079824597156,221.33140862204877,24.00239051347262
2024-01-13 05:00:00,3247.7828539496886,165.62167861607278,59.169302107022986,71.33408714717834,85.38142427120651,1294.223706915965,1197.4697302010998,183.81286485205916,17.683994534377614
2024-01-13 06:00:00,5108.937378994382,155.9669540199395,59.494500474914226,84.58779736399403,84.95625720832611,1223.2991081439084,1196.0946246914987,162.76808385032643,31.415526480385115
2024-01-13 07:00:00,5256.632859819043,219.2957310814362,59.9217062382765,47.701152522743726,71.97618093451152,1089.8323596550297,1339.8890661781256,233.94825381493263,22.46255795486513
2024-01-13 08:00:00,5448.926701466482,153.8068295634973,56.230316987242055,64.13002832305915,106.42409334509657,1113.3830321635803,1276.8882665110352,150.13836668958857,36.28669574248387
2024-01-13 09:00:00,5005.064700683984,183.097551516355,57.15881422138165,47.390046830969496,72.15876125284423,976.6447747184734,1199.0938681380383,185.42046597192734,27.06204588613749
2024-01-13 10:00:00,4948.693851928322,295.03666417017376,64.40047942789002,63.25713514358568,70.24286688886396,1139.742609129052,1193.7667838666932,312.45342423539137,15.898656922524266
2024-01-13 11:00:00,4606.208189988869,291.61824713671757,60.05825724978704,67.31172183926043,106.47475439304895,1185.1976915906635,1057.943730391489,294.98635839514776,15.638857659089007
2024-01-13 12:00:00,4947.490886445323,297.7160772914765,57.789006643281866,66.6201233274108,117.44368785745627,1299.114240558927,1332.752778995942,309.3600800895744,16.078616449104683
2024-01-13 13:00:00,3336.380521032868,213.43063422599576,62.314741337473144,67.41278217856475,107.82515238636552,1046.2314585002164,1145.7521915301988,202.38238804930054,16.466205692812206
2024-01-13 14:00:00,4340.170089869093,328.00389142353913,64.82201405215456,38.10478753305144,93.58200953121893,830.6520328867211,1126.7817245642232,298.62194198190224,14.615144604090524
2024-01-13 15:00:00,4285.557175476037,268.7661096056895,58.34649071048983,71.61242817520318,94.30226247804364,1097.9289753654925,1349.8226776163015,273.15982557159674,15.715952511278527
2024-01-13 16:00:00,5143.9303603063945,175.2052683493253,65.74826846500868,70.4850213828134,91.80682113245527,859.5120749910843,1265.6069014513573,160.4367610621144,32.22559448282931
2024-01-13 17:00:00,4156.99841398379,178.74373229110682,67.05756317512564,70.95528733301299,86.23218335551668,922.382521778055,1064.2091319897863,168.0447633631478,24.67782282427952
2024-01-13 18:00:00,3962.7237402508836,288.6190853859403,62.76612887795993,34.444233164322384,96.08571070929202,964.3899556528686,1068.565643107673,278.47936272052056,14.195397749784462
2024-01-13 19:00:00,4598.908178092775,184.5887872884156,63.69631956689054,56.81033054484916,91.55754785705575,1165.5149365742054,1057.6504691880593,195.3946689349445,23.55744783791882
2024-01-13 20:00:00,3666.1582937521152,251.45854031640866,55.68348787419972,54.54210792274378,99.90839400203873,891.9040619392503,1229.8856698538607,239.4179220825541,15.332659766646769
2024-01-13 21:00:00,3349.421027384892,348.3548951857422,67.29175858328479,35.20268901859195,114.90600402505473,882.8764734211762,1071.4693500185856,309.00914161646097,10.936736526248772
2024-01-13 22:00:00,4194.693185059365,150.8015209466679,60.10230154544427,43.342075673808644,119.75047086619051,822.4821212494137,1330.0165070534792,133.15126966058358,31.4697970875998
2024-01-13 23:00:00,4042.2234214872124,153.31596037951138,67.01070520709058,56.457757907882204,73.93716449414586,1236.6199681769403,1331.0719620068035,164.73577146369973,24.582863867511726
2024-01-14 00:00:00,3581.424851322184,348.6169163861013,62.526707821753156,74.57437859148493,89.23417363306707,1146.7527121780304,1213.816220024424,347.2824668738017,10.370837418713514
2024-01-14 01:00:00,3918.77952528782,266.92776682683314,55.060044384963255,44.22372461907979,79.03530978834047,819.9732328088132,1234.9916794187852,263.8689253302722,14.886467793365407
2024-01-14 02:00:00,3915.9811245656183,175.38199510370262,55.50104599120466,79.7849946074947,87.60602369627668,814.1461528190573,1137.5683204575748,175.5136716135947,22.263494853833564
2024-01-14 03:00:00,3818.7389110313634,329.46043995081874,63.84544447370899,62.747897144367805,84.37365092742115,1079.337148237528,1069.191762722482,327.0011867342244,11.74844620411576
2024-01-14 04:00:00,3948.6601993173226,326.0760600255384,62.31468417981513,75.62530111107705,78.72685658133942,941.2672006433555,1271.2381335575446,311.5852253314609,12.73427573269202
2024-01-14 05:00:00,4714.3583636398635,257.24008262227505,55.34492168367897,58.35335900021143,108.20380267106452,1098.3631752159645,1080.5357966247052,255.72268223024034,18.465412182207626
2024-01-14 06:00:00,3742.1911864282133,274.35840597215133,64.664979495891,59.9516535253334,94.8144371414618,1017.3020878404827,1075.667292305518,259.19228843048194,14.448112929358146
2024-01-14 07:00:00,5372.144816788351,204.63743830017526,66.07788938189937,67.18316336277842,115.96227911086129,1261.6562811551273,1143.3669327612672,207.9379503737376,25.8466317905754
2024-01-14 08:00:00,5290.870048845445,160.10393927440103,61.45342727171101,85.67823648994946,71.62962216235073,943.904507480684,1053.7396979513646,150.86394481476236,35.06653717513698
2024-01-14 09:00:00,4202.276070750197,268.9135217781729,61.054846724644314,59.508754884774596,73.3489006565995,1139.5726842194467,1180.210684726895,283.1568561677594,14.872845612679914
2024-01-14 10:00:00,3820.903012511722,208.9510386405526,55.07115041485016,61.71945228649746,90.16367914651721,827.0271558092996,1262.3042730240231,188.2558607426596,20.29788641567022
2024-01-14 11:00:00,4338.586974575008,282.72420933207036,65.22644626241679,66.11981781165177,74.01386602020186,1277.9302670944626,1290.4046794265817,301.75033439396424,14.335642240497283
2024-01-14 12:00:00,5121.401221934062,317.24903536852025,59.299308867699374,74.25090823786354,83.13647982074167,1290.3787339541761,1231.2921911396763,337.0231884549636,15.143561071732377
2024-01-14 13:00:00,4631.468351400255,153.63210878287282,66.42392705717302,34.31102012917406,119.30148715383118,1169.5373145082062,1304.0622609341738,152.3870077234977,30.355201488527523
2024-01-14 14:00:00,5010.9795698676935,269.14275493714547,59.84978763825469,60.941246311318324,80.4479803742307,1032.6062357817866,1171.950661130133,286.35497303462597,17.510294828641413
2024-01-14 15:00:00,4331.80569016435,196.25610793737044,62.34601283819917,58.89549535236261,79.90588707060454,909.9967196636306,1304.631625518143,186.03191483377222,23.283934704114547
2024-01-14 16:00:00,4582.294073169052,324.77769958076027,58.514443246591256,85.30109905425422,98.68203343978546,1206.2581701239824,1201.9419931495138,321.97369974337164,14.242656554607471
2024-01-14 17:00:00,3720.3890354561545,200.7329013123657,57.08764806360394,59.61039482618047,94.89991453965783,1168.177048573511,1116.9108383994885,214.63028519760843,17.358983217629604
2024-01-14 18:00:00,4837.232905775727,272.15402664708364,65.07380274395726,58.09923208165986,99.02191486014223,910.9770197804745,1333.2436939981399,243.4725200598784,19.836308977505947
2024-01-14 19:00:00,3506.011482814296,260.7081680179223,61.45567622500166,87.73199931208212,88.83676391042734,1025.607647078633,1132.4912621511348,255.91329580425213,13.773280391499862
2024-01-14 20:00:00,4736.995322046246,229.2333000118498,61.97434300877926,57.03458781605289,111.33811799474735,1031.3994689083925,1057.860445256338,214.32853038967903,22.088176548555722
2024-01-14 21:00:00,5151.797670814735,285.5241527199588,67.55040739526257,40.85306581932542,76.92902757212315,1213.2052749863547,1122.8022128865082,301.01953544657164,17.092824768668645
2024-01-14 22:00:00,3330.2570932538597,295.1539269430868,67.526538858888,43.0149673683473,91.41963229207329,1141.9223421670383,1160.0062683772283,296.2261896347875,11.266397036735176
2024-01-14 23:00:00,4535.9493513548,263.38755906387735,66.12334758213125,35.71125230021845,104.48809242220435,1121.5837717700276,1155.4049049867792,263.6670500285082,17.111497206407122
2024-01-15 00:00:00,3237.7393705748364,301.6844474369508,57.438920805945436,30.034087755536667,113.41182201414499,1124.9137112816393,1207.4002528330716,306.3517294885762,10.529172778508743
2024-01-15 01:00:00,4814.289070678567,346.6834151985875,62.72554502592054,55.91673966002892,88.47858031783788,935.2350396912394,1314.938064610777,327.08487529385195,14.767829817993654
2024-01-15 02:00:00,3211.2330470588004,233.85447758016102,66.41591652052199,76.15455487789328,98.38727995468764,985.855629914767,1137.7014681329097,212.14188642278464,15.050323642444553
2024-01-15 03:00:00,5339.849556751566,252.91661037710617,59.86803117383619,74.00798656799014,73.45699725036307,822.831142718353,1206.2311823877508,230.05031106685414,23.267538507167124
2024-01-15 04:00:00,3343.5198250945054,152.49397558824265,56.3143801571626,31.928945268171013,78.51595440559144,1193.470567906062,1152.0416861065437,174.00124653149106,19.29105034772438
2024-01-15 05:00:00,5397.200614772701,309.2057112620757,65.54251772911898,64.19897421564198,73.45690812330572,1016.4991075849069,1296.53191781196,296.3288505626236,18.195078173306932
2024-01-15 06:00:00,5002.210440212742,254.04601340919876,61.26292616770823,39.25698752480856,106.3940445999261,1019.1191785437868,1097.2804539865435,243.65949140080116,20.544102587423566
2024-01-15 07:00:00,4484.2050111658855,231.59228607211304,62.33710484466932,86.46457708588184,84.40299843610703,922.6781324668134,1081.0530804930177,218.26436425699694,20.600787801657386
2024-01-15 08:00:00,4956.560261573867,168.81439261787915,67.76787585213198,40.04189997865076,106.18726450959188,904.7136407297145,1200.8985759712805,152.72133502054663,32.43159069758622
2024-01-15 09:00:00,4987.7870974577145,327.93128433507945,62.89374859642294,67.59835306184888,73.31991395216373,1093.9109647845146,1251.5662757296475,339.48642323739546,14.735543619490736
2024-01-15 10:00:00,5365.067657043326,229.00144800811128,60.52473201365932,49.574301729843405,113.12739002041627,916.2765076018379,1288.65756032723,208.4389826662843,25.705714496879835
2024-01-15 11:00:00,3633.458384597968,286.51631964184406,59.80979678201357,68.49367955786113,111.77650990555458,832.1044257827322,1226.887455871595,255.41074160724557,14.202061839588616
2024-01-15 12:00:00,4475.189738395773,179.87483127363015,60.429050804502594,54.735515787844506,74.44643715251414,1183.7537079904491,1282.1549283957002,199.73351277985412,22.36583616953599
2024-01-15 13:00:00,3237.622993911003,342.30992590820654,56.53918808132269,75.57858313838369,71.18782532285933,988.234717203183,1167.8130175682772,350.00594114128313,9.267326751957523
2024-01-15 14:00:00,4540.414250060303,185.68835236436618,65.33175725942843,43.84074751967147,72.81444064909955,990.1177919496522,1059.8603010799407,190.45074434204156,23.89825815164793
2024-01-15 15:00:00,3428.228260231972,189.90839857989806,65.89031915643153,84.34751117485561,112.6815086573367,1015.6591407578957,1084.829792370467,172.4631624455837,19.86882634363821
2024-01-15 16:00:00,4412.376528681105,321.7965721115428,58.697162749454314,60.01257895880113,81.73517445259479,1207.522411704047,1061.6167803686988,345.7492798361191,12.698218364143813
2024-01-15 17:00:00,4431.076285084624,332.51654882838625,58.949356039329274,75.36558886277118,97.41366589290944,960.4184479699086,1148.6830951429479,306.255559726918,14.414422516368235
2024-01-15 18:00:00,4164.962882453068,192.4294815046603,66.36634533235257,80.98381148407363,91.31221015900283,1179.018105628918,1198.6474023806047,192.0001411653388,21.712229034735657
2024-01-15 19:00:00,4306.579438782807,243.9601776349656,55.31161462186342,89.9297166572883,109.77627631143011,1269.7724203897717,1156.895245097082,253.1015671124391,17.107428159730265
2024-01-15 20:00:00,4909.80847501647,296.69898091256596,61.76594676897396,43.43673993563749,94.44491507353354,1130.4340979623996,1218.1798425199177,309.9882799641978,15.858376911378887
2024-01-15 21:00:00,4998.1117912801665,325.6731467621603,61.027784290859515,47.21354481380729,95.03304203306348,1015.8405405885123,1194.1827445478364,315.6562727700331,15.814688019080531
2024-01-15 22:00:00,4230.383038938573,225.81053900746105,63.97164800451998,45.025985203913294,119.45459697499513,1173.8948615733323,1253.3828405591821,215.5253776507388,19.666545487963845
2024-01-15 23:00:00,4498.9836038065305,253.40389736988584,57.12409210194291,45.77227992958696,77.50647783746285,1028.9486848756928,1250.0886490690218,267.6119856138458,16.799617394651055
2024-01-16 00:00:00,5328.090589225254,298.343282103947,63.688299630337,64.94668449236264,111.53519693729658,1007.2136355540704,1145.4192441326038,273.10656570274114,19.490285657176003
2024-01-16 01:00:00,3299.333971252807,296.2271953305591,59.89754210237339,89.61135138875058,72.58748728019424,1062.6415817863417,1153.8643366083274,289.31319399819455,11.356098844265091
2024-01-16 02:00:00,3292.7589147502763,306.592026005217,63.04329211620535,89.41668522556526,93.88243847864854,958.861167404647,1225.544346492391,282.18081663207573,11.739390425402942
2024-01-16 03:00:00,3219.272529776921,263.9867637283053,55.521235128346085,61.60639388173846,114.31674119665118,852.1251081400006,1228.9297403672526,227.9603211247659,13.995113629520924
2024-01-16 04:00:00,4644.65821260132,170.92301936095504,61.002453563398625,68.34163261588043,103.26069828020607,1007.4260027630826,1144.40997409114,156.45275814922348,29.72718174639176
2024-01-16 05:00:00,4046.5207519759488,330.794658175608,61.789261621770834,81.59823262209636,104.26073096830665,861.9284405646509,1149.0953657326277,296.0607466356714,13.644685978315305
2024-01-16 06:00:00,4935.803540354608,323.1145078642056,57.786243237114824,85.97600750721031,83.16586411282428,1005.2207367777233,1258.213503955844,326.0230663528751,15.11891342020461
2024-01-16 07:00:00,4678.078533271481,309.6194871636666,56.815107504328566,42.231637639772636,90.92873956807271,1078.4668606067253,1244.2232468628208,316.6368094634534,14.858888342217561
2024-01-16 08:00:00,3834.0943958205953,169.9724954321459,57.450165939159916,61.71250373654718,88.32905317495252,1265.3555906028234,1090.5152414039324,184.11075962446048,20.789227325632417
2024-01-16 09:00:00,5245.916368403839,190.87947341628583,59.473834014823524,79.97022327969074,96.07216050789971,818.1111655226518,1182.312563902618,169.47081495063605,30.920685524775504
2024-01-16 10:00:00,4906.330367676631,298.7200730215304,56.25853194096463,48.192124598075495,93.1113965071834,1110.7292032509722,1317.811823613177,321.4243624840936,15.257819088506437
2024-01-16 11:00:00,3676.337352275439,154.6280189163893,67.31515734448486,56.388542548828,86.34491759384946,1028.8675933250386,1060.8917028313426,146.70558304052196,25.079979658036724
2024-01-16 12:00:00,3910.480044430135,345.84492674145594,60.26492279944563,89.13726609072049,85.2740306185585,810.1305641020696,1306.549183945264,306.0085392780293,12.756897149062219
2024-01-16 13:00:00,3786.0999505106574,225.42893607113615,65.51660483258773,89.10280180325225,82.54264458275611,924.7740879693602,1098.953447119243,213.4328537202241,17.660375264001008
2024-01-16 14:00:00,3394.0291215624993,293.8625067381647,67.66742260041501,84.3664086459109,88.25236234423792,859.2426261774008,1202.174589738515,254.85298222767256,13.27431134545235
2024-01-16 15:00:00,3369.458431355479,327.5142176976087,56.049558640035606,77.90690068968345,77.49707389670303,908.3970728657224,1177.3009286769034,322.3953587786491,10.515390943024016
2024-01-16 16:00:00,5340.318658439361,228.92597763001646,63.47170308315492,46.147830043368344,113.6052151001787,937.2851217304591,1053.0388012024378,200.30430198966684,26.664767111904233
2024-01-16 17:00:00,4094.760092996883,213.8264977199332,66.32831812763578,49.25100444403125,100.10596959167137,1000.6531676910981,1324.6190811268896,199.98597988087246,20.49779015539439
2024-01-16 18:00:00,3958.2995569435247,271.7482257796494,63.24504764156747,62.83697047229248,76.68932127969278,1064.5196967444451,1186.4775682002917,266.626355077637,14.832796505099894
2024-01-16 19:00:00,4824.214271693445,266.19787474961015,60.57733957764636,63.64664247372073,104.69296671045007,800.4949969631931,1336.2804830281846,227.48533679585387,21.173729422567032
2024-01-16 20:00:00,4382.48266313225,231.82799552495942,60.6039926492932,60.33016916142402,112.38332339989866,880.9346803143704,1136.0231702937654,210.64651298085565,20.888792834074238
2024-01-16 21:00:00,5340.3499670961555,270.3549511735417,55.466685518095666,68.20021679497836,81.87678360261295,846.7831928044003,1309.8827320247917,257.7481822631427,20.709844060870733
2024-01-16 22:00:00,4950.753734773481,337.07627391329896,61.94980976676058,54.49938135797933,77.5300297168632,1074.8366996313719,1326.716872198689,345.3834321501042,14.311911470293252
2024-01-16 23:00:00,4198.4239103113505,243.5280513253193,67.91605895822902,74.95044943893197,70.4308628566876,964.537435200635,1217.049724911234,227.93640203471875,18.47408492051742
2024-01-17 00:00:00,3940.8986837020657,189.34843615012625,67.46319783763514,50.01299558870132,72.36251694282426,1074.198868017359,1110.8033363603151,191.06389729291277,20.589959119279598
2024-01-17 01:00:00,5466.578862310806,225.44119657660076,55.52518997494812,49.84061981678116,108.11256741517559,910.9116510873389,1255.574229631716,214.12666300413449,25.49991410051253
2024-01-17 02:00:00,4794.400590009109,228.82139651862371,64.17536104718334,37.63355771350968,119.35931660208469,812.1146770437924,1214.6934199588381,201.12994035832762,23.83784148304629
2024-01-17 03:00:00,5377.986650009603,176.22173860524396,58.9229432670601,41.322732601735154,72.24401612381384,1270.6834506351233,1333.3588997557877,188.93115802778004,28.4653376272258
2024-01-17 04:00:00,3296.1964430426033,182.574300110911,66.73885899427978,81.03125273528146,107.40354795399463,854.154060594497,1181.7816185431475,149.99761520403166,21.987972893499872
2024-01-17 05:00:00,5126.334197976957,286.91241467873544,55.58649169422062,56.77694031482649,73.593108292048,863.4293739808584,1130.5540942919465,284.2187192474591,18.141165321949238
2024-01-17 06:00:00,4592.684709978019,217.89555084178053,67.16636332614405,43.67206719317003,99.60664124518334,873.2734132550703,1091.486100448232,194.96220703334114,23.573607238673933
2024-01-17 07:00:00,3304.8041958377817,340.9796783711615,65.8871846692411,75.56046600134324,107.80376412141189,1290.6382619966364,1259.5900706060038,342.3060749239191,9.535627086565544
2024-01-17 08:00:00,4470.644999923052,198.71934907172147,56.52755696928382,63.238867549011566,87.96021986338688,1108.830120084998,1342.2328856941747,207.84143012049273,21.526198695235028
2024-01-17 09:00:00,4715.240912763622,169.78490102096447,55.77771638512489,31.269360685397608,70.54673605553319,1105.1449758519252,1058.5031311714195,187.79523164787386,25.1103106053439
2024-01-17 10:00:00,3030.7567147215073,300.7009126000516,65.85119963625017,48.98168744020291,99.7594676062713,1293.3491007592647,1272.133606433438,311.5271698106508,9.73088000548961
2024-01-17 11:00:00,4135.794904604367,326.207210383574,57.02484972266953,40.620084667280466,119.56223140700139,844.2193846373274,1328.0791087679,291.67067341669,14.191970817575289
2024-01-17 12:00:00,5063.498777990802,205.62267137429757,61.953675988686314,69.35237165897044,82.88087114192479,1287.2504462711445,1072.4344602682047,227.69795826337065,22.23635344484248
2024-01-17 13:00:00,3738.397563360225,190.4176203290956,66.90468315242322,46.50186243781517,79.47456385936079,902.0065732770205,1083.05101353184,176.18090339208283,21.216454389142424
2024-01-17 14:00:00,4146.3702044963775,187.15322697421743,62.37682547614121,33.89680675259662,76.19629463767575,1111.5357517810178,1257.5871295349125,199.10570114220067,20.855621966302074
2024-01-17 15:00:00,4105.785317669733,254.40246027330247,60.16403291914671,33.29609935186016,97.7627809950028,1010.0417826513958,1244.3890127687364,253.81901579138244,16.14893109631123
2024-01-17 16:00:00,3754.818478606229,243.6833282493542,60.785208713101895,64.9036378775229,99.82225496801367,991.9759067385892,1070.6482245948737,239.04658226820618,15.660091786739098
2024-01-17 17:00:00,5296.104738788886,201.88796797090686,55.820523219150324,31.30340734224538,109.61354185852011,1265.6216642397312,1300.3268256453468,217.82281827537133,24.465008812551833
2024-01-17 18:00:00,4953.235088578789,159.03462339788527,67.59378017770078,80.92752678816532,107.65366368102548,874.6138642201282,1207.0271543534677,139.477590469097,35.47697352935155
2024-01-17 19:00:00,3276.4710274902764,246.29826806525614,59.038504406054074,39.32382715543653,114.62707473975436,1298.5345055381217,1322.1592120009836,267.3159334876026,12.261930946396857
2024-01-17 20:00:00,5492.586644593933,341.8664695271217,57.4617253917471,66.3939801117258,110.28863491711508,989.5625305457743,1313.3972642978113,321.51687553053665,17.008571120985263
2024-01-17 21:00:00,5198.000060769364,280.50384015053265,58.71861492392514,56.681281680644744,82.36335415397222,1124.3874519442772,1293.7523307150498,294.17172426304853,17.675774786035078
2024-01-17 22:00:00,3709.7710946600973,249.10131132572369,67.53685153358923,56.57109127391415,97.79387024378806,1283.95336574168,1204.7696688733263,254.5551316773303,14.526885404535722
2024-01-17 23:00:00,5092.241449152345,172.13841480592322,56.22571869534409,34.30782854160275,84.870597954679,828.8005251894874,1125.5131925248297,165.90508942646716,30.671578798974082
2024-01-18 00:00:00,3266.048829678457,200.48725810991746,66.27493952651535,78.16513501273295,86.48926897757512,1261.4321814625953,1201.79265117334,210.54584902959564,15.564545898908198
2024-01-18 01:00:00,5497.761826185597,208.95478991490853,64.20197062721883,83.58314908519516,116.5972184614998,1083.9056926771716,1080.243413340534,191.66048502887537,28.708500369793537
2024-01-18 02:00:00,4664.211840266342,302.96071052144686,65.79024932906736,30.661000043053708,104.09479525335368,1152.198439488726,1247.6538445420279,305.67129864293844,15.287333763062103
2024-01-18 03:00:00,4625.312538896993,325.34215945292385,67.68666802478265,40.716250541827065,118.7295206625553,874.5920919431742,1090.1931657687023,274.55267283277766,16.758161704634322
2024-01-18 04:00:00,3226.101817460332,330.32837071328765,65.94801052171934,84.23425132772873,90.84562683593722,1066.6937154155162,1203.3518887502169,308.3520833354676,10.554241453085975
2024-01-18 05:00:00,5242.583497241563,346.9137216501508,67.26397056661209,62.96961676800349,96.87187866769884,1136.7568573626218,1066.3145922500453,348.8366364215406,14.969169974323789
2024-01-18 06:00:00,3072.498758011174,346.4733366209065,56.650158338281955,39.00237469489261,94.35577099582109,1028.1236536938409,1139.8537470823937,352.60366497367636,8.790173991825416
2024-01-18 07:00:00,3602.0701451028676,340.59982655359624,65.3452513471706,42.16742715654953,75.36435287618635,877.4925890530284,1119.6241382009364,321.5387022400653,11.25367930622765
2024-01-18 08:00:00,3357.5546879165877,164.36442810057687,62.09378402305362,69.59917465422686,81.83509972633017,922.0595375427883,1236.0094628135012,163.066105395476,20.61901122767524
2024-01-18 09:00:00,4941.919851730547,177.55870718556105,62.065442736038186,73.48900933481238,96.38181803022411,1227.1963954967491,1286.0360136067527,183.12044551249258,26.944515006079005
2024-01-18 10:00:00,3495.510568032245,210.89330529520657,66.68598049216668,65.96560851479612,73.36871525665032,817.2354964163814,1067.190886362158,194.3410021288335,17.994059595472013
2024-01-18 11:00:00,5276.595567827213,260.5796508128923,67.63344964240724,87.18890279475156,116.57309646544446,1154.431039220406,1305.0851055466153,237.620757414722,22.18240775789494
2024-01-18 12:00:00,4640.672598318725,169.39557774109585,64.16289819956135,59.64381621970662,76.19218409716854,1299.6950182572634,1308.2303084863813,184.2688507803958,25.185700855501793
2024-01-18 13:00:00,3090.4067762367404,319.1593915604285,61.278199063133194,48.016314728551606,79.89903732084535,803.7414980533833,1152.6807222864068,297.15835979708896,10.387371221227024
2024-01-18 14:00:00,3013.5745853217513,273.3512358154618,60.933250152723986,58.63397459854779,108.26606119693183,880.5228414099699,1247.7012197910967,238.6785152009011,12.524151813021597
2024-01-18 15:00:00,3129.144792535997,258.472880460441,60.02243894390136,51.579977619996654,74.84672708946569,1137.0721504465673,1170.7839095110348,276.63385210209526,11.36759273019528
2024-01-18 16:00:00,4514.81294411932,183.06226467345823,59.70078738444462,43.46495356048118,115.01390498077046,829.9954172926741,1096.2572646568894,163.88153638693623,27.5451917608932
2024-01-18 17:00:00,5003.704527148539,200.65109488003947,60.08958894189761,32.757794960408404,106.28504853612678,1094.8949919279294,1208.598725568933,211.43958573628802,23.640697223088097
2024-01-18 18:00:00,3596.382051568471,182.06240499645162,56.166792058265536,51.13274961390745,73.43104285544294,1142.000051780528,1075.907902350479,200.46068511393455,17.91256909292991
2024-01-18 19:00:00,5123.522107307683,320.3866315589597,56.006669108385694,72.68456086258453,104.59235306428263,1094.073174057035,1313.5416466187964,305.7966007835859,16.772596164128302
2024-01-18 20:00:00,3143.079850383151,266.8455720122436,65.13830797034005,31.10626817251163,101.58142710856589,982.5923515105336,1327.2869278228825,253.89979485441398,12.334526007127124
2024-01-18 21:00:00,5002.40963410419,297.0258855039267,60.79894760796294,56.35071079235608,107.86747163699593,1148.6411479933195,1296.483941103421,309.4393143826437,16.053285423939915
2024-01-18 22:00:00,5319.4885754307015,209.20657258200515,67.09889835108007,68.6405640869921,111.40989262446679,1097.1472140069102,1218.7584362267935,198.23747122800796,26.854277153486237
2024-01-18 23:00:00,4930.270997760951,224.25052741765543,62.95887311172138,66.62424655045842,105.91752815865775,903.8185860469598,1217.2795773376365,196.480152551197,25.118927308886093
2024-01-19 00:00:00,4745.301959946593,230.97099288530677,55.45728776839746,76.59890615332296,99.3088147635486,1081.5677717925548,1345.3822129802788,233.07568894438336,20.349507557713437
2024-01-19 01:00:00,5094.950546638458,302.00299434880696,57.047803437127236,78.63118293958786,86.12316592908888,1240.9536085694638,1124.3705069493549,320.0352404429255,15.862572106056797
2024-01-19 02:00:00,3100.378248867666,304.4705975349136,57.6756573091691,72.70234925516327,104.86368309149645,1133.416642845225,1072.7845097715622,296.4271240632457,10.46360519132699
2024-01-19 03:00:00,3504.4552767976384,191.36270550280634,67.68456831706558,36.167861768684965,117.84857923153896,1035.8957536969235,1218.5822770803534,174.53177716731005,20.005955142497633
2024-01-19 04:00:00,3312.3091982641076,338.3077713476198,57.84315493997126,58.501346640261644,99.37608902644371,960.7920514347256,1148.635679343031,325.0295573124114,10.139432272590138
2024-01-19 05:00:00,4261.327475482466,174.13106748873727,61.704823791744666,66.20435744925652,103.2172434217127,842.9431047187865,1146.7016318424132,144.66509448535038,29.4189659311198
2024-01-19 06:00:00,4862.970320822111,329.2244164847261,67.17030011132255,44.733962328567095,91.85640210999003,922.3135663795143,1052.1256062509844,299.82565161452175,16.261524067938076
2024-01-19 07:00:00,4575.029611440997,170.07912912996187,67.70350548888665,32.55310905880659,107.80604048715372,805.5933765434385,1228.87182286438,147.23727099291162,31.054366114422198
2024-01-19 08:00:00,5127.827749404838,202.90796223026223,58.07268565998608,43.41541925256281,119.88336961693179,1293.3129587624821,1129.2101106826842,210.41882599455062,24.34723104723099
2024-01-19 09:00:00,3388.032481102727,319.2957072135914,55.63852936875052,57.293664103958335,78.0194662033868,911.24112606437,1106.3575644578043,320.1526375175452,10.680288333194115
2024-01-19 10:00:00,4836.552729837904,185.89841446921747,56.99682382299086,54.835819143276055,80.12026397518811,1207.4379713426863,1062.1295794179011,198.4229833691646,24.392585378297237
2024-01-19 11:00:00,3482.6037271722603,232.71358626199395,55.82327022313326,40.6000188796297,96.97188793321948,884.3224409024893,1159.3084729426835,227.81717336256207,15.303785549923306
2024-01-19 12:00:00,3676.8968782945008,239.97185998882526,57.536615134200375,79.46493256100956,94.0687698630829,941.800574802787,1313.6906617159373,220.60783444921856,16.64863327916037
2024-01-19 13:00:00,4774.76174320326,199.05179460464194,62.39140629114856,85.54120012420347,98.57848922533594,1009.1386596141833,1151.0012422792117,193.1939358022587,24.685044869114982
2024-01-19 14:00:00,5450.511962246705,292.0490402671973,66.86183435184334,42.08089914316291,72.45370238621365,962.2028320708025,1253.722263035878,279.0210898250513,19.42508822634301
2024-01-19 15:00:00,4528.859014942674,320.2669298804408,61.98384548802642,85.77437493403329,90.21382281652245,1199.1754063799306,1276.9640890205721,319.29814098021745,14.232230897238429
2024-01-19 16:00:00,3136.250787478239,324.91502797111434,63.13786423708805,31.07165755051085,99.14891310327803,1278.8467040077117,1148.43024275706,351.45646944531336,8.945997948936963
2024-01-19 17:00:00,4540.7724248188315,217.8644291473122,57.62427427092403,85.49774836241673,99.25956756524813,1237.6472418254243,1296.4922205036123,232.98036362608252,19.48097790846741
2024-01-19 18:00:00,3105.876378950418,256.1700788575629,65.40758706876005,87.11572740485448,102.86669808841867,876.7889334738783,1257.5638979000846,222.06446240805258,13.979511564337914
2024-01-19 19:00:00,5210.364278417042,199.6812807731303,63.03125581057258,30.723111780955513,106.01080145013319,1188.3443381746451,1217.7726686102856,208.1528671906147,25.068238913958584
2024-01-19 20:00:00,4773.945712751552,198.95930031002908,66.23377877950543,75.78115780660488,102.07736016704283,873.9734566523557,1050.2977392151886,172.74088322679847,27.558719883016952
2024-01-19 21:00:00,3432.819616056258,182.25081257038482,67.3349603910752,88.21209435419061,109.51215776947174,1256.6905532810506,1060.5272297768424,170.29240401859232,20.128889602029552
2024-01-19 22:00:00,3229.302514560495,338.0038021615029,59.5227100848357,84.3541331290667,101.23803173422958,1058.9392878342892,1347.259753231819,320.77131914583737,10.010489262871504
2024-01-19 23:00:00,3458.8330722007977,327.597765721116,56.177527760960714,88.24260967177278,96.87538312686023,968.1905440283533,1284.6851770510677,303.6808229531348,11.478274156868522
2024-01-20 00:00:00,5450.067948885481,305.47174266553844,57.93707645291817,63.01941034185836,100.30982144439054,878.5127486670964,1331.2695776318842,275.5969477138258,19.819284624837806
2024-01-20 01:00:00,4146.401606146224,253.5323042575458,60.69194035378588,34.689368393123296,75.05966833766662,805.9045440895023,1320.6909614754081,245.26281808304543,16.795818086558178
2024-01-20 02:00:00,4960.20237085352,248.12158310237436,67.29401747371816,80.98735186830217,83.657827036276,923.9734958304424,1056.1328949428253,220.00329444262496,22.470348710617493
2024-01-20 03:00:00,4591.020855269442,255.9491332364996,59.9180276908544,66.8296953485407,96.36998903290656,1257.010031640656,1287.5541869373221,271.01532324465376,16.93346123405117
2024-01-20 04:00:00,4431.032874896593,257.31360271541786,65.02005177764981,66.88420465129735,113.64936077008535,1198.6310961361137,1185.3437232033464,242.60631005593652,18.240671584542163
2024-01-20 05:00:00,3362.825636662624,236.91261693953805,62.02619699821982,55.03521659152118,103.95257781439966,1284.8968538753597,1286.8674612001967,249.50659870245389,13.411683494781046
2024-01-20 06:00:00,5365.061133895238,176.35096657841348,57.376514015602694,64.31051859126654,74.52040392359488,850.3807605606866,1052.0147352490155,167.6724024255979,32.09452005144263
2024-01-20 07:00:00,3753.3565812867946,175.1327705737072,59.16954354639487,39.214786745166876,99.61374752222022,1096.0893717528347,1136.4597903601693,185.80233313622668,20.216431355539466
2024-01-20 08:00:00,4445.043039518856,340.44994316913665,63.49149450529664,74.38620159396902,81.08689938185495,928.5752370153883,1275.3971327373906,321.90302184990446,13.832381114001159
2024-01-20 09:00:00,4749.439861472665,246.4061519172701,63.74709413090362,34.50103844109254,106.70082798943615,1071.4708528862038,1287.9062365804768,247.13185528647662,19.183641498027495
2024-01-20 10:00:00,4623.082888113272,340.64110498103776,60.6518767085176,73.78684602262751,111.37204262543736,960.2274427817276,1235.9143803643872,305.1598183538014,15.18582415433945
2024-01-20 11:00:00,5351.486024238797,182.715375542022,57.97239283460749,80.93870535749124,99.67281362949866,941.7327751216787,1140.3768568338792,170.08373224858636,31.444810637322874
2024-01-20 12:00:00,3371.097474800145,260.8833104079867,64.38478813366478,58.34812065386929,99.56813048758548,1086.9226510122987,1143.108777386359,248.48848413855035,13.552246136026962
2024-01-20 13:00:00,4270.881846117355,191.54345067030783,57.19534954096529,60.58982196342296,86.9295721605407,891.6590809347701,1340.0291890926098,181.8649910616104,23.51435432653852
2024-01-20 14:00:00,4010.085976851915,200.6369212253203,67.17670599424665,48.732856375324694,92.31250105806546,1034.5667184860583,1181.7636537702613,191.9040860366851,20.81485337234756
2024-01-20 15:00:00,4185.421823706545,156.01091575223575,57.4427465274742,88.16751502353526,113.20541769076726,1125.4061325220173,1184.137665073151,146.2299230266924,28.70204948402587
2024-01-20 16:00:00,3298.0438154943613,173.79066214804226,56.39506071682277,73.98746847357272,106.16601654835782,864.091036591402,1215.69982507221,150.89950003663088,21.8650157009077
2024-01-20 17:00:00,3335.2365246819136,333.36968152583916,61.469420130749924,52.1393131980207,95.98768298479216,1265.297135438452,1172.8507010593166,347.6400352724505,9.65798400217833
2024-01-20 18:00:00,3695.1888644531437,214.30659829646635,61.75414477542602,40.4884431739803,88.41161931241855,1052.8623497270623,1215.8014693792243,205.61495081399923,17.917630653073267
2024-01-20 19:00:00,3761.7615094020784,271.62584238291834,61.60650789211718,43.17477553212548,72.51898691442771,1209.763985942171,1179.7006268302673,294.8745582029855,12.711000354995424
2024-01-20 20:00:00,4069.7580342033752,243.00282639785462,60.67667736140491,57.835337166603004,77.15037006631925,1126.9527153105316,1298.014475880656,258.97782740510655,15.65660178355042
2024-01-20 21:00:00,4527.46886759157,230.09024904905567,67.9325936067849,86.55410401886027,79.65125947696853,1155.0004706112727,1322.7153059394852,219.4044275352778,20.6477815391505
2024-01-20 22:00:00,4586.572793545658,256.37721826921364,61.32164796471756,74.04878074565508,88.66917716293374,1158.065470496419,1329.6330779446084,254.35872948662936,18.03520553136339
2024-01-20 23:00:00,4029.5272414639257,187.4477889230683,61.2133055496178,42.91462489074899,117.20718235381372,1237.5499485307364,1219.288861748816,199.72172324831698,20.152487769285038
2024-01-21 00:00:00,4021.957773571743,347.7207797039153,60.482958815289294,81.57366800513388,95.25766974293744,1106.802717523462,1182.6445672393486,338.735342748446,11.822748365424244
2024-01-21 01:00:00,3544.071316742405,313.6615737407726,55.86873481111902,52.692031380580865,81.74200816296155,939.1085758606948,1261.5720176375514,316.23428072488827,11.143776856348572
2024-01-21 02:00:00,4470.7656210225205,298.32292654630305,62.70843620494501,81.10333096515112,75.2875068730757,849.7548214327286,1301.497077388772,277.85998685953643,16.08757016347537
2024-01-21 03:00:00,3792.602278293095,243.7518594027905,57.963581038901374,44.50197587886785,86.91527623014821,1103.1253097250708,1218.894672619913,259.68782898664966,14.581187466771677
2024-01-21 04:00:00,3090.1495856934093,180.5754244252672,63.28891674297765,67.11963671617906,110.78653177755285,833.1764018852905,1259.9943065466784,147.49072860752563,20.91720327832137
2024-01-21 05:00:00,4046.000110392151,334.1331716547136,55.660835005330206,85.60022928487692,89.1671396705254,920.6467258447651,1274.9188052163745,315.8968586288862,12.885332774418037
2024-01-21 06:00:00,4185.331687725426,218.27741347634554,67.75803231628902,45.47364054886765,108.62529030112067,830.3535923009558,1252.918133015186,179.81213178610545,23.27202001541451
2024-01-21 07:00:00,3563.9821705105273,160.02133793938674,61.097066027164736,71.57559543515129,110.13524880634395,1074.4437945032835,1273.840066718793,164.00167730152165,21.794878490842187
2024-01-21 08:00:00,4431.144832805289,218.48073536212573,66.65781983067907,89.23875719742863,75.5410384849352,880.169062471434,1112.5935997667996,189.57632082388025,23.34727361638161
2024-01-21 09:00:00,4414.429751079802,308.89140609917683,61.182295252028155,39.03589723458021,100.43298763133919,1105.2036597167366,1199.5123641065393,307.35373683173225,14.37493957906328
2024-01-21 10:00:00,4755.0054527759285,274.54174899764166,55.78430064146488,35.304137442040464,117.95480316855554,1195.4325654316337,1226.4805663815262,279.6216461278139,17.002366962153847
2024-01-21 11:00:00,4619.871205503025,300.16771694897193,65.6887760992195,70.45171154668897,90.1069037451777,1210.9403603859312,1050.7433792571069,297.1974234802157,15.459907770658456
2024-01-21 12:00:00,4631.082641302579,308.72707677247547,63.426388485672746,50.38415686494182,72.54720445015111,954.7717540688137,1306.7887526441045,312.8220456993667,14.87562494658864
2024-01-21 13:00:00,3790.5353795601077,192.39092221610852,65.16284161846129,34.27466864199547,116.16513451289393,1074.4772663472481,1233.0073525334737,195.278034679785,19.404208769488935
2024-01-21 14:00:00,4968.580554964885,334.75666321863605,60.566208225615355,58.51833707301625,114.18331407862415,1081.5053800431795,1088.740899509461,318.296693681825,15.6472240409575
2024-01-21 15:00:00,4372.860958999198,237.59792058407453,63.29317767520638,75.22624077863733,96.10707236045009,1036.4435910770833,1294.907121772748,218.98141883585308,19.93149449103896
2024-01-21 16:00:00,4078.545487949725,277.80272985283295,66.13097704935589,47.10734402491133,97.61265601720048,1127.5569457123825,1265.1170899321635,264.3479392696409,15.420459435332306
2024-01-21 17:00:00,4565.031202352643,150.4617545173484,63.203850757334536,50.10281265030808,80.58705513880625,905.0435619117668,1277.4898630390912,142.98997872325816,31.882189808215138
2024-01-21 18:00:00,3901.643336125636,348.67369968223556,59.51975725286674,80.74196403881834,110.97253777723186,1289.6216197933973,1167.6127385585569,353.57586699937866,11.096612252357652
2024-01-21 19:00:00,4281.848111516896,206.17927719283102,63.6128847267606,61.20431473568928,94.93000191960633,849.0399135454662,1306.2607520084975,181.91927979761283,23.552647550573933
